lat,lon,source,name
40.0173717,-75.1495773,osm,
40.0394614,-75.1103271,osm,
40.0250307,-75.1260911,osm,
39.9536,-75.2092566,osm,
39.9782658,-75.2226989,osm,
40.0285804,-75.098198,osm,
40.0298768,-75.0991106,osm,
40.030495,-75.0990475,osm,
40.0323063,-75.101991,osm,
39.9919481,-75.0919762,osm,
39.9927166,-75.0926028,osm,
39.996765,-75.091064,osm,
39.9976591,-75.092767,osm,
39.9620708,-75.1682217,osm,
39.9917737,-75.1549925,osm,
40.0276034,-75.1922584,osm,
40.0103982,-75.2009054,osm,
39.9806651,-75.1984274,osm,
39.9969037,-75.091192,osm,
39.9777304,-75.155773,osm,
39.9840119,-75.1528354,osm,
39.9825066,-75.1518215,osm,
40.1137507,-74.9881908,osm,
40.1144991,-74.9877575,osm,
39.9493644,-75.2099998,osm,
39.9163731,-75.1870777,osm,
39.9163354,-75.1871784,osm,
39.9164429,-75.1871586,osm,
39.9171327,-75.172422,osm,
39.95360000000001,-75.21015491528411,deflock,ALPR (OSM node id: 13100649050)
39.991773699999996,-75.15589081528411,deflock,ALPR (OSM node id: 13446802901)
39.9782658,-75.22359721528412,deflock,ALPR (OSM node id: 13100699706)
39.91637310000001,-75.18797601528412,deflock,ALPR (OSM node id: 13675765403)
