lat,lon,name,source
40.01636319999999,-75.27650901528412,ALPR (OSM node id: 13180879829),deflock
40.03229489999999,-75.1019612,ALPR (OSM node id: 13104782710),deflock
39.922533900000005,-75.05529319999998,ALPR (OSM node id: 13446911901),deflock
39.9060481,-75.04406391528411,ALPR (OSM node id: 13226447970),deflock
39.8986401,-74.9674336,ALPR (OSM node id: 13195752752),deflock
39.875342,-75.26213099999998,ALPR (OSM node id: 13403515992),deflock
39.93922339999999,-74.96243879999999,ALPR (OSM node id: 5545550948),deflock
39.93625480000001,-75.04896909999998,ALPR (OSM node id: 13437055601),deflock
40.114499099999996,-74.98865581528412,ALPR (OSM node id: 13583958801),deflock
40.02760339999999,-75.1922584,ALPR (OSM node id: 13456426101),deflock
39.8746242,-74.95691231528411,ALPR (OSM node id: 13603512653),deflock
39.9782658,-75.22359721528412,ALPR (OSM node id: 13100699706),deflock
40.03049500000001,-75.0990475,ALPR (OSM node id: 13104782707),deflock
39.92235239999998,-75.055813,ALPR (OSM node id: 13446900801),deflock
39.94936439999999,-75.21089811528412,ALPR (OSM node id: 13594752421),deflock
40.12068759999999,-74.98005331528412,ALPR (OSM node id: 13583957002),deflock
39.9016438,-75.0654789,ALPR (OSM node id: 13429134301),deflock
39.9074451,-75.09519751528411,ALPR (OSM node id: 13293591331),deflock
39.9498169,-74.9863144152841,ALPR (OSM node id: 13143691021),deflock
39.93625480000001,-75.04896909999998,ALPR (OSM node id: 13427865301),deflock
39.8901139,-75.05193821528412,ALPR (OSM node id: 13580349101),deflock
39.91167420000001,-75.2777047,ALPR (OSM node id: 13475252387),deflock
39.894287899999995,-75.09210829999999,ALPR (OSM node id: 13429132601),deflock
39.9117907,-75.27762799999999,ALPR (OSM node id: 13475252385),deflock
40.00856189999998,-75.2802798,ALPR (OSM node id: 13399298722),deflock
39.9927166,-75.0926028,ALPR (OSM node id: 13208462352),deflock
39.89478489999999,-75.10141221528411,ALPR (OSM node id: 13580339002),deflock
39.911716599999984,-75.27741419999998,ALPR (OSM node id: 13475252386),deflock
39.92383800000001,-75.03868489999999,ALPR (OSM node id: 13427881838),deflock
39.9176483,-75.0552214,ALPR (OSM node id: 13293573304),deflock
40.07439269999999,-75.15388979999999,ALPR (OSM node id: 13104782714),deflock
40.0323063,-75.101991,ALPR (OSM node id: 13104782709),deflock
39.9777304,-75.15577299999998,ALPR (OSM node id: 13550880414),deflock
39.9078865,-75.095866,ALPR (OSM node id: 13429673301),deflock
39.9825066,-75.1518215,ALPR (OSM node id: 13550913597),deflock
39.9919481,-75.09197619999999,ALPR (OSM node id: 13208462351),deflock
39.917539999999995,-75.25444030000001,ALPR (OSM node id: 13475252390),deflock
40.01039819999999,-75.20090539999998,ALPR (OSM node id: 13456426602),deflock
39.991773699999996,-75.15589081528411,ALPR (OSM node id: 13446802901),deflock
39.89880949999999,-75.0735275,ALPR (OSM node id: 13465150301),deflock
39.87502949999999,-75.2620191,ALPR (OSM node id: 13403515994),deflock
40.01600870000001,-75.2147958,ALPR (OSM node id: 13399280677),deflock
39.947176199999994,-74.9842274,ALPR (OSM node id: 13143691040),deflock
39.880996,-75.0370777,ALPR (OSM node id: 12485295281),deflock
39.9806651,-75.19842739999999,ALPR (OSM node id: 13456435001),deflock
39.9488732,-74.98490049999998,ALPR (OSM node id: 13143691019),deflock
39.94743269999999,-74.9842135,ALPR (OSM node id: 13143691041),deflock
39.95267909999998,-74.9865648,ALPR (OSM node id: 13143691018),deflock
39.9969037,-75.091192,ALPR (OSM node id: 13546099101),deflock
40.13691380000001,-74.96620149999998,ALPR (OSM node id: 13537369293),deflock
39.912842299999994,-75.05702199999999,ALPR (OSM node id: 13446893701),deflock
40.0298768,-75.0991106,ALPR (OSM node id: 13104782706),deflock
39.962070800000006,-75.1682217,ALPR (OSM node id: 13308366401),deflock
39.89885819999999,-74.96717339999998,ALPR (OSM node id: 13195755810),deflock
40.028580399999996,-75.09819799999998,ALPR (OSM node id: 13104782705),deflock
39.9239766,-75.0619294,ALPR (OSM node id: 13427882908),deflock
39.894287899999995,-75.09210829999999,ALPR (OSM node id: 13429123902),deflock
39.9204604,-75.0565847,ALPR (OSM node id: 13226447968),deflock
40.0085588,-75.280277,ALPR (OSM node id: 13399298723),deflock
39.8754329,-75.2617979,ALPR (OSM node id: 13403515993),deflock
40.11375069999999,-74.9890891152841,ALPR (OSM node id: 13583958501),deflock
39.93909370000001,-75.0258562,ALPR (OSM node id: 13293575848),deflock
39.875172500000005,-75.2616171,ALPR (OSM node id: 13403515991),deflock
39.996765,-75.09106399999999,ALPR (OSM node id: 13208462353),deflock
39.9383829,-74.9625189,ALPR (OSM node id: 13440228202),deflock
39.901472500000004,-75.06549749999999,ALPR (OSM node id: 13429132702),deflock
39.952473600000005,-74.98714779999999,ALPR (OSM node id: 13143691017),deflock
39.9492179,-74.9845685,ALPR (OSM node id: 13143691020),deflock
39.8942605,-75.092235,ALPR (OSM node id: 13343404801),deflock
40.0753911,-75.1530279,ALPR (OSM node id: 13104782712),deflock
39.92287300000001,-75.0394727,ALPR (OSM node id: 13293600608),deflock
39.901472500000004,-75.06549749999999,ALPR (OSM node id: 13429133901),deflock
39.95360000000001,-75.21015491528411,ALPR (OSM node id: 13100649050),deflock
39.92260799999999,-75.038787,ALPR (OSM node id: 13293600609),deflock
39.943865200000005,-75.02843219999998,ALPR (OSM node id: 13293575847),deflock
39.901410399999996,-75.06633561528412,ALPR (OSM node id: 13226447969),deflock
40.04384949999999,-74.95927131528411,ALPR (OSM node id: 13418636301),deflock
39.91744309999999,-75.25431139999999,ALPR (OSM node id: 13475252391),deflock
39.99765910000001,-75.09276699999998,ALPR (OSM node id: 13208462354),deflock
39.894314900000005,-74.96875121528412,ALPR (OSM node id: 13599722501),deflock
40.1201488,-74.9799972152841,ALPR (OSM node id: 13583957001),deflock
39.92393560000001,-75.06188659999998,ALPR (OSM node id: 13427882629),deflock
39.911585800000005,-75.27750769999999,ALPR (OSM node id: 13475252388),deflock
39.938632600000005,-74.9638039,ALPR (OSM node id: 332502030),deflock
39.9840119,-75.15283539999999,ALPR (OSM node id: 13550907803),deflock
39.9473551,-74.9840912,ALPR (OSM node id: 13143691042),deflock
39.9175537,-75.2543337,ALPR (OSM node id: 13475252389),deflock
