lat,lon,osm_id,source,tags
40.0173717,-75.1495773,6611596710,osm,"{'direction': '180', 'highway': 'speed_camera'}"
40.0394614,-75.1103271,6615980183,osm,{'highway': 'speed_camera'}
40.0250307,-75.1260911,6618653518,osm,{'highway': 'speed_camera'}
39.9536,-75.2092566,13100649050,osm,"{'camera:mount': 'pole', 'camera:type': 'dome', 'description': 'LVT (LiveView Technologies) camera tower with large solar panels, a loudspeaker and flashing lights. T2412666 is a large ID number on it.', 'electricity': 'solar', 'man_made': 'surveillance', 'manufacturer:wikidata': 'Q125470303', 'surveillance': 'camera', 'surveillance:type': 'ALPR', 'surveillance:zone': 'parking', 'website': 'https://www.lvt.com/who-is-lvt'}"
39.9782658,-75.2226989,13100699706,osm,"{'camera:type': 'fixed', 'man_made': 'surveillance', 'surveillance:type': 'ALPR'}"
40.0285804,-75.098198,13104782705,osm,"{'brand': 'Flock', 'check_date': '2025-5-020', 'description': 'Camera and its solar panel are black, located on a dedicated black pole. Installed just out of reach, roughly 10-15ft up.\nFlock camera points into the parking lot of Home Depot, ID-ing & profiling any car that enters here or passes in front of it.', 'direction': '310', 'height': '3', 'man_made': 'surveillance', 'manufacturer': 'Flock Safety', 'material': 'plastic', 'name': 'Flock Camera', 'surveillance': 'camera,_ai,_flock,_police', 'surveillance:type': 'ALPR', 'surveillance:zone': 'entrance'}"
40.0298768,-75.0991106,13104782706,osm,"{'brand': 'Flock', 'check_date': '2025-5-020', 'description': 'Camera and its solar panel are black, located on a tall light post. Uncertain camera model. About 15ft up', 'direction': '120', 'height': '3', 'man_made': 'surveillance', 'manufacturer': 'Flock Safety', 'material': 'plastic', 'name': 'Flock Camera', 'surveillance': 'camera,', 'surveillance:type': 'ALPR', 'surveillance:zone': 'parking'}"
40.030495,-75.0990475,13104782707,osm,"{'brand': 'Flock', 'check_date': '2025-08-20', 'description': 'Camera and its solar panel are black, located on a dedicated black pole. Installed just out of reach, roughly 10-15ft up.\nFlock camera points into the parking lot of Home Depot, ID-ing & profiling any car that enters here or passes in front of it.', 'direction': '120', 'height': '3', 'man_made': 'surveillance', 'manufacturer': 'Flock Safety', 'material': 'plastic', 'name': 'Flock Camera', 'surveillance': 'camera,_ai,_flock,_police', 'surveillance:type': 'ALPR', 'surveillance:zone': 'entrance'}"
40.0323063,-75.101991,13104782709,osm,"{'brand': 'Flock', 'check_date': '2025-5-020', 'description': 'Camera and its solar panel are black, located on a dedicated black pole. Installed just out of reach, roughly 10-15ft up.\nFlock camera points into the parking lot towards Kid City, ID-ing & profiling any car that enters here or passes in front of it.', 'direction': '45', 'height': '3', 'man_made': 'surveillance', 'manufacturer': 'Flock Safety', 'material': 'plastic', 'name': 'Flock Camera', 'surveillance': 'camera,_ai,_flock,_police', 'surveillance:type': 'ALPR', 'surveillance:zone': 'entrance'}"
40.0322949,-75.1019612,13104782710,osm,"{'brand': 'Flock', 'check_date': '2025-5-020', 'description': 'Camera and its solar panel are black, located on a dedicated black pole. Installed just out of reach, roughly 10-15ft up.\nFlock camera points into the parking lot towards Home Depot, ID-ing & profiling any car that enters here or passes in front of it.', 'direction': '120', 'height': '3', 'man_made': 'surveillance', 'manufacturer': 'Flock Safety', 'material': 'plastic', 'name': 'Flock Camera', 'surveillance': 'camera,_ai,_flock,_police', 'surveillance:type': 'ALPR', 'surveillance:zone': 'entrance,_parking'}"
39.9919481,-75.0919762,13208462351,osm,"{'camera:type': 'fixed', 'direction': '80', 'man_made': 'surveillance', 'manufacturer': 'Flock Safety', 'manufacturer:wikidata': 'Q108485435', 'surveillance:type': 'ALPR'}"
39.9927166,-75.0926028,13208462352,osm,"{'camera:type': 'fixed', 'direction': '30', 'man_made': 'surveillance', 'manufacturer': 'Flock Safety', 'manufacturer:wikidata': 'Q108485435', 'surveillance:type': 'ALPR'}"
39.996765,-75.091064,13208462353,osm,"{'camera:type': 'fixed', 'direction': '310', 'man_made': 'surveillance', 'manufacturer': 'Flock Safety', 'manufacturer:wikidata': 'Q108485435', 'surveillance:type': 'ALPR'}"
39.9976591,-75.092767,13208462354,osm,"{'camera:type': 'fixed', 'direction': '160', 'man_made': 'surveillance', 'manufacturer': 'Flock Safety', 'manufacturer:wikidata': 'Q108485435', 'surveillance:type': 'ALPR'}"
39.9620708,-75.1682217,13308366401,osm,"{'camera:type': 'fixed', 'direction': '0', 'man_made': 'surveillance', 'surveillance': 'public', 'surveillance:type': 'ALPR', 'surveillance:zone': 'traffic'}"
39.9917737,-75.1549925,13446802901,osm,"{'camera:mount': 'pole', 'camera:type': 'fixed', 'direction': '11;311', 'man_made': 'surveillance', 'manufacturer': 'Ekin Box Spotter', 'surveillance': 'public', 'surveillance:type': 'ALPR', 'surveillance:zone': 'traffic'}"
40.0276034,-75.1922584,13456426101,osm,"{'camera:type': 'fixed', 'direction': '233', 'man_made': 'surveillance', 'manufacturer': 'Leonardo', 'manufacturer:wikidata': 'Q910379', 'surveillance': 'public', 'surveillance:type': 'ALPR', 'surveillance:zone': 'traffic'}"
40.0103982,-75.2009054,13456426602,osm,"{'camera:type': 'fixed', 'direction': '99', 'man_made': 'surveillance', 'manufacturer': 'Leonardo', 'manufacturer:wikidata': 'Q910379', 'surveillance': 'public', 'surveillance:type': 'ALPR', 'surveillance:zone': 'traffic'}"
39.9806651,-75.1984274,13456435001,osm,"{'camera:type': 'fixed', 'direction': '100', 'man_made': 'surveillance', 'manufacturer': 'Leonardo', 'manufacturer:wikidata': 'Q910379', 'surveillance': 'public', 'surveillance:type': 'ALPR', 'surveillance:zone': 'traffic'}"
39.9969037,-75.091192,13546099101,osm,"{'camera:type': 'fixed', 'direction': '0', 'man_made': 'surveillance', 'manufacturer': 'Flock Safety', 'manufacturer:wikidata': 'Q108485435', 'surveillance': 'public', 'surveillance:type': 'ALPR', 'surveillance:zone': 'traffic'}"
39.9777304,-75.155773,13550880414,osm,"{'camera:type': 'fixed', 'direction': '0', 'man_made': 'surveillance', 'manufacturer': 'Flock Safety', 'manufacturer:wikidata': 'Q108485435', 'operator': 'Temple University Campus PA PD', 'operator:wikidata': 'Q1420239', 'surveillance:type': 'ALPR'}"
39.9840119,-75.1528354,13550907803,osm,"{'camera:type': 'fixed', 'check_date': '2025-06-01', 'direction': '200', 'man_made': 'surveillance', 'manufacturer': 'Flock Safety', 'manufacturer:wikidata': 'Q108485435', 'operator': 'Temple University Campus PA PD', 'operator:wikidata': 'Q1420239', 'surveillance:type': 'ALPR'}"
39.9825066,-75.1518215,13550913597,osm,"{'camera:type': 'fixed', 'check_date': '2025-05-30', 'direction': '290', 'man_made': 'surveillance', 'manufacturer': 'Flock Safety', 'manufacturer:wikidata': 'Q108485435', 'operator': 'Temple University Campus PA PD', 'operator:wikidata': 'Q1420239', 'surveillance:type': 'ALPR'}"
40.1137507,-74.9881908,13583958501,osm,"{'camera:type': 'fixed', 'direction': '47', 'man_made': 'surveillance', 'manufacturer': 'Flock Safety', 'manufacturer:wikidata': 'Q108485435', 'surveillance': 'public', 'surveillance:type': 'ALPR', 'surveillance:zone': 'traffic'}"
40.1144991,-74.9877575,13583958801,osm,"{'camera:type': 'fixed', 'direction': '223', 'man_made': 'surveillance', 'manufacturer': 'Flock Safety', 'manufacturer:wikidata': 'Q108485435', 'surveillance': 'public', 'surveillance:type': 'ALPR', 'surveillance:zone': 'traffic'}"
39.9493644,-75.2099998,13594752421,osm,"{'camera:direction': '75', 'camera:mount': 'pole', 'camera:type': 'fixed', 'description': 'Newly installed camera, has dual lenses. As of 2/23/26 it still has shrink wrap plastic on it. Mounted on a brown pole in the boulevard facing towards 43rd St + Baltimore Ave.', 'electricity': 'grid', 'man_made': 'surveillance', 'surveillance:type': 'ALPR', 'surveillance:zone': 'traffic'}"
39.9163731,-75.1870777,13675765403,osm,"{'camera:mount': 'pole', 'camera:type': 'fixed', 'direction': '259;195', 'man_made': 'surveillance', 'manufacturer': 'Flock Safety', 'manufacturer:wikidata': 'Q108485435', 'operator': 'The Home Depot', 'operator:type': 'private', 'operator:wikidata': 'Q864407', 'surveillance': 'public', 'surveillance:type': 'ALPR', 'surveillance:zone': 'traffic'}"
39.9163354,-75.1871784,13684921202,osm,"{'camera:mount': 'pole', 'camera:type': 'fixed', 'direction': '310', 'man_made': 'surveillance', 'manufacturer': 'Flock Safety', 'manufacturer:wikidata': 'Q108485435', 'operator': 'The Home Depot', 'operator:type': 'private', 'operator:wikidata': 'Q864407', 'surveillance': 'public', 'surveillance:type': 'ALPR', 'surveillance:zone': 'traffic'}"
39.9164429,-75.1871586,13684934201,osm,"{'camera:mount': 'pole', 'camera:type': 'fixed', 'direction': '242', 'man_made': 'surveillance', 'manufacturer': 'Flock Safety', 'manufacturer:wikidata': 'Q108485435', 'operator': 'The Home Depot', 'operator:type': 'private', 'operator:wikidata': 'Q864407', 'surveillance': 'public', 'surveillance:type': 'ALPR', 'surveillance:zone': 'traffic'}"
39.9171327,-75.172422,13685619401,osm,"{'camera:type': 'fixed', 'direction': '240', 'man_made': 'surveillance', 'manufacturer': 'Motorola Solutions', 'manufacturer:wikidata': 'Q634815', 'surveillance': 'public', 'surveillance:type': 'ALPR', 'surveillance:zone': 'traffic'}"
