origin_node,dest_node,shortest_length_m,shortest_surv_cost,privacy_length_m,privacy_surv_cost,ap_absolute_m,ap_relative
3089,21251,20463.24,0.0,20463.24,0.0,0.0,0.0
25815,1820,35750.02,8.1558,36239.43,0.5214,489.4,0.01369
20617,20020,6162.42,0.0,6162.42,0.0,0.0,0.0
20978,23780,9179.46,0.4752,9191.3,0.0,11.83,0.001289
2640,23323,32036.24,6.5341,32393.84,0.5214,357.6,0.011162
2575,1688,9845.88,0.0,9845.88,0.0,0.0,0.0
5657,23652,18745.14,2.5234,18965.51,0.0,220.37,0.011756
6874,13029,8187.48,0.0,8187.48,0.0,0.0,0.0
23365,20482,5301.91,0.0,5301.91,0.0,0.0,0.0
18979,12180,12898.03,2.846,12975.58,0.0,77.55,0.006012
10984,26544,24473.34,3.1899,24628.55,0.5214,155.21,0.006342
5001,18065,14942.7,1.2273,14987.91,0.0,45.21,0.003026
967,3396,19893.65,0.9199,20159.89,0.0,266.24,0.013383
3626,4649,20974.03,0.7328,20975.87,0.0,1.84,8.8e-05
12743,20714,7987.48,1.7366,8151.41,0.0,163.93,0.020524
10613,6313,4280.89,1.6876,4614.73,0.0,333.84,0.077983
21332,24859,12263.41,3.5333,12503.73,0.5714,240.31,0.019596
554,25200,31687.5,2.6075,32199.49,0.0,511.99,0.016157
3320,12174,16229.98,1.4354,16313.31,0.0,83.33,0.005135
14185,19028,6524.53,3.0457,6747.19,0.0,222.66,0.034127
25222,29025,8026.25,0.5505,8082.56,0.0,56.31,0.007015
1207,13866,26605.86,1.9,26957.04,0.0,351.18,0.013199
16638,23438,12956.99,4.135,13288.52,0.0,331.53,0.025587
15248,14372,2036.02,1.8594,2117.29,0.0,81.27,0.039916
11337,21469,14597.66,1.5877,14883.1,0.0,285.45,0.019554
27806,1376,36073.49,4.5298,36491.55,0.0,418.06,0.011589
11702,4889,11321.12,1.6132,11404.56,0.0,83.44,0.00737
21990,16546,5811.54,0.6008,5882.84,0.0,71.3,0.012268
22486,6480,15971.8,2.2412,16152.79,0.5915,180.99,0.011332
16448,7571,22914.01,0.4085,22921.13,0.0,7.12,0.000311
8923,15408,9077.36,0.5214,9077.36,0.5214,0.0,0.0
8679,20578,18964.12,0.0,18964.12,0.0,0.0,0.0
3335,24572,35365.35,3.4761,35478.59,0.0,113.23,0.003202
29720,3209,27034.64,3.611,27844.02,0.0,809.38,0.029939
21374,432,35012.58,1.66,35144.62,0.0,132.03,0.003771
15463,22722,11598.4,1.8304,11825.95,0.0,227.55,0.019619
18913,23245,5420.49,0.0,5420.49,0.0,0.0,0.0
16657,19653,3196.76,0.0,3196.76,0.0,0.0,0.0
11142,2351,12346.77,0.6947,12351.23,0.0,4.46,0.000361
15600,29188,10555.9,1.965,10730.17,0.0,174.28,0.01651
15959,15036,2616.09,0.659,2770.95,0.0,154.86,0.059197
19547,3415,19394.51,4.6247,20081.97,0.0,687.46,0.035446
21763,4170,26006.58,3.1899,26161.79,0.5214,155.21,0.005968
4069,3011,16416.61,0.0,16416.61,0.0,0.0,0.0
23247,11021,24383.04,3.4416,24519.68,0.0,136.64,0.005604
27887,18113,23354.78,0.0,23354.78,0.0,0.0,0.0
8322,1177,21854.57,3.444,22353.6,0.0,499.03,0.022834
20919,29945,9804.88,2.6106,9879.62,0.0,74.74,0.007623
12005,16605,7776.9,3.9315,8085.15,0.0,308.25,0.039636
19784,3418,20915.13,1.1906,21241.37,0.0,326.25,0.015599
5039,5064,12040.63,0.0,12040.63,0.0,0.0,0.0
20615,4585,20254.26,4.1299,20675.96,0.0,421.7,0.02082
16420,918,32254.65,4.6714,32787.38,0.0,532.74,0.016517
31,24029,41352.42,7.0786,42117.88,0.0,765.46,0.018511
20966,25712,9842.22,0.0,9842.22,0.0,0.0,0.0
14217,15452,9289.39,4.1093,9830.07,0.0,540.68,0.058204
21830,22032,8229.34,1.7777,8447.3,0.0,217.96,0.026485
26948,6564,14447.07,2.0172,14985.69,0.0,538.62,0.037283
1155,13417,19534.53,2.199,19997.94,0.0,463.41,0.023723
19865,2782,17459.89,3.6688,17633.28,0.0,173.39,0.009931
11360,18015,10038.64,1.675,10400.55,0.0,361.91,0.036052
3797,11668,12244.82,1.6132,12410.51,0.0,165.69,0.013532
23854,21514,3345.49,3.2155,3364.75,0.0,19.26,0.005758
23804,20835,3555.11,3.9016,3638.72,0.9114,83.61,0.023517
1320,5298,24698.82,0.8103,24811.75,0.0,112.93,0.004572
6732,21206,15234.42,5.9788,16385.07,0.0,1150.66,0.07553
728,9532,16740.27,2.199,17063.4,0.0,323.13,0.019303
10978,9006,3651.38,0.0,3651.38,0.0,0.0,0.0
30075,15431,2866.13,0.0,2866.13,0.0,0.0,0.0
20584,23410,8606.62,2.6106,8723.13,0.0,116.51,0.013537
28760,13687,2191.9,0.5671,2191.9,0.5671,0.0,0.0
24950,384,36636.42,9.1013,37430.26,0.0,793.85,0.021668
21069,24076,8975.87,1.7755,8977.13,0.0,1.26,0.00014
24783,9111,20027.54,4.5298,20439.1,0.0,411.57,0.02055
26880,2755,22651.71,1.965,23008.07,0.0,356.35,0.015732
13110,10110,16733.0,1.9336,17124.28,0.0,391.28,0.023384
21713,16962,14151.18,1.9367,14231.42,0.0,80.24,0.00567
16751,8594,10148.76,0.0,10148.76,0.0,0.0,0.0
12551,6279,8957.78,2.4496,9211.74,0.0,253.96,0.028351
30206,5042,16960.51,0.5915,17118.62,0.0,158.12,0.009323
26284,2555,35263.93,8.7644,35565.35,0.0,301.42,0.008548
1724,26984,24401.6,3.8061,25438.62,0.0,1037.02,0.042498
3257,4271,17695.14,0.0,17695.14,0.0,0.0,0.0
388,21741,30808.48,3.6617,31089.53,0.0,281.05,0.009123
715,27886,37941.44,2.2759,38262.84,0.0,321.4,0.008471
14180,21746,10296.05,0.4726,10296.05,0.4726,0.0,0.0
15155,11249,7495.04,0.0,7495.04,0.0,0.0,0.0
23862,11171,13982.69,3.9016,14066.3,0.9114,83.61,0.005979
1456,21303,24307.49,0.0,24307.49,0.0,0.0,0.0
11623,927,14122.62,0.7613,14122.62,0.7613,0.0,0.0
19859,28534,22312.71,5.9772,22663.99,0.0,351.28,0.015744
23399,8442,22753.97,3.0391,22938.28,0.0,184.31,0.0081
14973,2709,13850.18,6.1037,14733.25,0.0,883.07,0.063759
28534,11086,3155.19,0.9415,3186.3,0.5214,31.12,0.009862
18085,24783,7582.08,1.9661,7997.19,0.0,415.12,0.05475
16237,473,23683.19,4.9494,23914.93,0.4196,231.74,0.009785
28653,7389,16190.35,4.1476,17017.56,0.0,827.21,0.051093
29304,8785,28199.84,2.3465,28474.02,0.0,274.18,0.009723
26598,11199,31058.29,7.6402,31706.17,0.5214,647.88,0.02086
