panoid,heading,lat,lon,lat_alpr,lon_alpr,source,capture_date,image_id,gsv_image_path,downloaded
LmchcsKF6z3pL5MR7Nql7w,0,40.01732622631302,-75.14944087479591,40.0173717,-75.1495773,osm,2025-06,LmchcsKF6z3pL5MR7Nql7w_0,/Users/mariyamushtaq/Desktop/Projects/surveilling-surveillance/alpr_data/data/full_run/images/LmchcsKF6z3pL5MR7Nql7w_0.jpg,False
LmchcsKF6z3pL5MR7Nql7w,90,40.01732622631302,-75.14944087479591,40.0173717,-75.1495773,osm,2025-06,LmchcsKF6z3pL5MR7Nql7w_90,/Users/mariyamushtaq/Desktop/Projects/surveilling-surveillance/alpr_data/data/full_run/images/LmchcsKF6z3pL5MR7Nql7w_90.jpg,False
LmchcsKF6z3pL5MR7Nql7w,180,40.01732622631302,-75.14944087479591,40.0173717,-75.1495773,osm,2025-06,LmchcsKF6z3pL5MR7Nql7w_180,/Users/mariyamushtaq/Desktop/Projects/surveilling-surveillance/alpr_data/data/full_run/images/LmchcsKF6z3pL5MR7Nql7w_180.jpg,False
LmchcsKF6z3pL5MR7Nql7w,270,40.01732622631302,-75.14944087479591,40.0173717,-75.1495773,osm,2025-06,LmchcsKF6z3pL5MR7Nql7w_270,/Users/mariyamushtaq/Desktop/Projects/surveilling-surveillance/alpr_data/data/full_run/images/LmchcsKF6z3pL5MR7Nql7w_270.jpg,False
aNUJTYsRIBQR7OAfRBqLvQ,0,40.0395182116994,-75.11023234974446,40.0394614,-75.1103271,osm,2025-07,aNUJTYsRIBQR7OAfRBqLvQ_0,/Users/mariyamushtaq/Desktop/Projects/surveilling-surveillance/alpr_data/data/full_run/images/aNUJTYsRIBQR7OAfRBqLvQ_0.jpg,False
aNUJTYsRIBQR7OAfRBqLvQ,90,40.0395182116994,-75.11023234974446,40.0394614,-75.1103271,osm,2025-07,aNUJTYsRIBQR7OAfRBqLvQ_90,/Users/mariyamushtaq/Desktop/Projects/surveilling-surveillance/alpr_data/data/full_run/images/aNUJTYsRIBQR7OAfRBqLvQ_90.jpg,False
aNUJTYsRIBQR7OAfRBqLvQ,180,40.0395182116994,-75.11023234974446,40.0394614,-75.1103271,osm,2025-07,aNUJTYsRIBQR7OAfRBqLvQ_180,/Users/mariyamushtaq/Desktop/Projects/surveilling-surveillance/alpr_data/data/full_run/images/aNUJTYsRIBQR7OAfRBqLvQ_180.jpg,False
aNUJTYsRIBQR7OAfRBqLvQ,270,40.0395182116994,-75.11023234974446,40.0394614,-75.1103271,osm,2025-07,aNUJTYsRIBQR7OAfRBqLvQ_270,/Users/mariyamushtaq/Desktop/Projects/surveilling-surveillance/alpr_data/data/full_run/images/aNUJTYsRIBQR7OAfRBqLvQ_270.jpg,False
QfUUN5V8816XOdxSE1sjlA,0,40.02509419845749,-75.12609513376515,40.0250307,-75.1260911,osm,2025-07,QfUUN5V8816XOdxSE1sjlA_0,/Users/mariyamushtaq/Desktop/Projects/surveilling-surveillance/alpr_data/data/full_run/images/QfUUN5V8816XOdxSE1sjlA_0.jpg,False
QfUUN5V8816XOdxSE1sjlA,90,40.02509419845749,-75.12609513376515,40.0250307,-75.1260911,osm,2025-07,QfUUN5V8816XOdxSE1sjlA_90,/Users/mariyamushtaq/Desktop/Projects/surveilling-surveillance/alpr_data/data/full_run/images/QfUUN5V8816XOdxSE1sjlA_90.jpg,False
QfUUN5V8816XOdxSE1sjlA,180,40.02509419845749,-75.12609513376515,40.0250307,-75.1260911,osm,2025-07,QfUUN5V8816XOdxSE1sjlA_180,/Users/mariyamushtaq/Desktop/Projects/surveilling-surveillance/alpr_data/data/full_run/images/QfUUN5V8816XOdxSE1sjlA_180.jpg,False
QfUUN5V8816XOdxSE1sjlA,270,40.02509419845749,-75.12609513376515,40.0250307,-75.1260911,osm,2025-07,QfUUN5V8816XOdxSE1sjlA_270,/Users/mariyamushtaq/Desktop/Projects/surveilling-surveillance/alpr_data/data/full_run/images/QfUUN5V8816XOdxSE1sjlA_270.jpg,False
jIONvYNL-Cu9qQ5EkgcNaQ,0,39.95357530660712,-75.20940771229407,39.9536,-75.2092566,osm,2024-04,jIONvYNL-Cu9qQ5EkgcNaQ_0,/Users/mariyamushtaq/Desktop/Projects/surveilling-surveillance/alpr_data/data/full_run/images/jIONvYNL-Cu9qQ5EkgcNaQ_0.jpg,False
jIONvYNL-Cu9qQ5EkgcNaQ,90,39.95357530660712,-75.20940771229407,39.9536,-75.2092566,osm,2024-04,jIONvYNL-Cu9qQ5EkgcNaQ_90,/Users/mariyamushtaq/Desktop/Projects/surveilling-surveillance/alpr_data/data/full_run/images/jIONvYNL-Cu9qQ5EkgcNaQ_90.jpg,False
jIONvYNL-Cu9qQ5EkgcNaQ,180,39.95357530660712,-75.20940771229407,39.9536,-75.2092566,osm,2024-04,jIONvYNL-Cu9qQ5EkgcNaQ_180,/Users/mariyamushtaq/Desktop/Projects/surveilling-surveillance/alpr_data/data/full_run/images/jIONvYNL-Cu9qQ5EkgcNaQ_180.jpg,False
jIONvYNL-Cu9qQ5EkgcNaQ,270,39.95357530660712,-75.20940771229407,39.9536,-75.2092566,osm,2024-04,jIONvYNL-Cu9qQ5EkgcNaQ_270,/Users/mariyamushtaq/Desktop/Projects/surveilling-surveillance/alpr_data/data/full_run/images/jIONvYNL-Cu9qQ5EkgcNaQ_270.jpg,False
EPtLLdRhkJPK-RosJqWgsA,0,39.97834005531965,-75.22266811385325,39.9782658,-75.2226989,osm,2024-07,EPtLLdRhkJPK-RosJqWgsA_0,/Users/mariyamushtaq/Desktop/Projects/surveilling-surveillance/alpr_data/data/full_run/images/EPtLLdRhkJPK-RosJqWgsA_0.jpg,False
EPtLLdRhkJPK-RosJqWgsA,90,39.97834005531965,-75.22266811385325,39.9782658,-75.2226989,osm,2024-07,EPtLLdRhkJPK-RosJqWgsA_90,/Users/mariyamushtaq/Desktop/Projects/surveilling-surveillance/alpr_data/data/full_run/images/EPtLLdRhkJPK-RosJqWgsA_90.jpg,False
EPtLLdRhkJPK-RosJqWgsA,180,39.97834005531965,-75.22266811385325,39.9782658,-75.2226989,osm,2024-07,EPtLLdRhkJPK-RosJqWgsA_180,/Users/mariyamushtaq/Desktop/Projects/surveilling-surveillance/alpr_data/data/full_run/images/EPtLLdRhkJPK-RosJqWgsA_180.jpg,False
EPtLLdRhkJPK-RosJqWgsA,270,39.97834005531965,-75.22266811385325,39.9782658,-75.2226989,osm,2024-07,EPtLLdRhkJPK-RosJqWgsA_270,/Users/mariyamushtaq/Desktop/Projects/surveilling-surveillance/alpr_data/data/full_run/images/EPtLLdRhkJPK-RosJqWgsA_270.jpg,False
BbzfqpLXP6DGK5XHPycJjQ,0,40.02860693809181,-75.09821166086508,40.0285804,-75.098198,osm,2017-10,BbzfqpLXP6DGK5XHPycJjQ_0,/Users/mariyamushtaq/Desktop/Projects/surveilling-surveillance/alpr_data/data/full_run/images/BbzfqpLXP6DGK5XHPycJjQ_0.jpg,False
BbzfqpLXP6DGK5XHPycJjQ,90,40.02860693809181,-75.09821166086508,40.0285804,-75.098198,osm,2017-10,BbzfqpLXP6DGK5XHPycJjQ_90,/Users/mariyamushtaq/Desktop/Projects/surveilling-surveillance/alpr_data/data/full_run/images/BbzfqpLXP6DGK5XHPycJjQ_90.jpg,False
BbzfqpLXP6DGK5XHPycJjQ,180,40.02860693809181,-75.09821166086508,40.0285804,-75.098198,osm,2017-10,BbzfqpLXP6DGK5XHPycJjQ_180,/Users/mariyamushtaq/Desktop/Projects/surveilling-surveillance/alpr_data/data/full_run/images/BbzfqpLXP6DGK5XHPycJjQ_180.jpg,False
BbzfqpLXP6DGK5XHPycJjQ,270,40.02860693809181,-75.09821166086508,40.0285804,-75.098198,osm,2017-10,BbzfqpLXP6DGK5XHPycJjQ_270,/Users/mariyamushtaq/Desktop/Projects/surveilling-surveillance/alpr_data/data/full_run/images/BbzfqpLXP6DGK5XHPycJjQ_270.jpg,False
ZNnFjaeNna3i9cHslb50lQ,0,40.02981330259841,-75.09912271550603,40.0298768,-75.0991106,osm,2017-10,ZNnFjaeNna3i9cHslb50lQ_0,/Users/mariyamushtaq/Desktop/Projects/surveilling-surveillance/alpr_data/data/full_run/images/ZNnFjaeNna3i9cHslb50lQ_0.jpg,False
ZNnFjaeNna3i9cHslb50lQ,90,40.02981330259841,-75.09912271550603,40.0298768,-75.0991106,osm,2017-10,ZNnFjaeNna3i9cHslb50lQ_90,/Users/mariyamushtaq/Desktop/Projects/surveilling-surveillance/alpr_data/data/full_run/images/ZNnFjaeNna3i9cHslb50lQ_90.jpg,False
ZNnFjaeNna3i9cHslb50lQ,180,40.02981330259841,-75.09912271550603,40.0298768,-75.0991106,osm,2017-10,ZNnFjaeNna3i9cHslb50lQ_180,/Users/mariyamushtaq/Desktop/Projects/surveilling-surveillance/alpr_data/data/full_run/images/ZNnFjaeNna3i9cHslb50lQ_180.jpg,False
ZNnFjaeNna3i9cHslb50lQ,270,40.02981330259841,-75.09912271550603,40.0298768,-75.0991106,osm,2017-10,ZNnFjaeNna3i9cHslb50lQ_270,/Users/mariyamushtaq/Desktop/Projects/surveilling-surveillance/alpr_data/data/full_run/images/ZNnFjaeNna3i9cHslb50lQ_270.jpg,False
UNrbZ67Nk789Qbjp3IjmlA,0,40.03055574397781,-75.09901321102421,40.030495,-75.0990475,osm,2025-05,UNrbZ67Nk789Qbjp3IjmlA_0,/Users/mariyamushtaq/Desktop/Projects/surveilling-surveillance/alpr_data/data/full_run/images/UNrbZ67Nk789Qbjp3IjmlA_0.jpg,False
UNrbZ67Nk789Qbjp3IjmlA,90,40.03055574397781,-75.09901321102421,40.030495,-75.0990475,osm,2025-05,UNrbZ67Nk789Qbjp3IjmlA_90,/Users/mariyamushtaq/Desktop/Projects/surveilling-surveillance/alpr_data/data/full_run/images/UNrbZ67Nk789Qbjp3IjmlA_90.jpg,False
UNrbZ67Nk789Qbjp3IjmlA,180,40.03055574397781,-75.09901321102421,40.030495,-75.0990475,osm,2025-05,UNrbZ67Nk789Qbjp3IjmlA_180,/Users/mariyamushtaq/Desktop/Projects/surveilling-surveillance/alpr_data/data/full_run/images/UNrbZ67Nk789Qbjp3IjmlA_180.jpg,False
UNrbZ67Nk789Qbjp3IjmlA,270,40.03055574397781,-75.09901321102421,40.030495,-75.0990475,osm,2025-05,UNrbZ67Nk789Qbjp3IjmlA_270,/Users/mariyamushtaq/Desktop/Projects/surveilling-surveillance/alpr_data/data/full_run/images/UNrbZ67Nk789Qbjp3IjmlA_270.jpg,False
iPiAOPopP0Wvrlj4rs3Osw,0,40.03232850386819,-75.10193372047507,40.0323063,-75.101991,osm,2025-05,iPiAOPopP0Wvrlj4rs3Osw_0,/Users/mariyamushtaq/Desktop/Projects/surveilling-surveillance/alpr_data/data/full_run/images/iPiAOPopP0Wvrlj4rs3Osw_0.jpg,False
iPiAOPopP0Wvrlj4rs3Osw,90,40.03232850386819,-75.10193372047507,40.0323063,-75.101991,osm,2025-05,iPiAOPopP0Wvrlj4rs3Osw_90,/Users/mariyamushtaq/Desktop/Projects/surveilling-surveillance/alpr_data/data/full_run/images/iPiAOPopP0Wvrlj4rs3Osw_90.jpg,False
iPiAOPopP0Wvrlj4rs3Osw,180,40.03232850386819,-75.10193372047507,40.0323063,-75.101991,osm,2025-05,iPiAOPopP0Wvrlj4rs3Osw_180,/Users/mariyamushtaq/Desktop/Projects/surveilling-surveillance/alpr_data/data/full_run/images/iPiAOPopP0Wvrlj4rs3Osw_180.jpg,False
iPiAOPopP0Wvrlj4rs3Osw,270,40.03232850386819,-75.10193372047507,40.0323063,-75.101991,osm,2025-05,iPiAOPopP0Wvrlj4rs3Osw_270,/Users/mariyamushtaq/Desktop/Projects/surveilling-surveillance/alpr_data/data/full_run/images/iPiAOPopP0Wvrlj4rs3Osw_270.jpg,False
T0XMSpGG_-4wyN84XiZf7w,0,39.9919228478165,-75.0919137023352,39.9919481,-75.0919762,osm,2025-07,T0XMSpGG_-4wyN84XiZf7w_0,/Users/mariyamushtaq/Desktop/Projects/surveilling-surveillance/alpr_data/data/full_run/images/T0XMSpGG_-4wyN84XiZf7w_0.jpg,False
T0XMSpGG_-4wyN84XiZf7w,90,39.9919228478165,-75.0919137023352,39.9919481,-75.0919762,osm,2025-07,T0XMSpGG_-4wyN84XiZf7w_90,/Users/mariyamushtaq/Desktop/Projects/surveilling-surveillance/alpr_data/data/full_run/images/T0XMSpGG_-4wyN84XiZf7w_90.jpg,False
T0XMSpGG_-4wyN84XiZf7w,180,39.9919228478165,-75.0919137023352,39.9919481,-75.0919762,osm,2025-07,T0XMSpGG_-4wyN84XiZf7w_180,/Users/mariyamushtaq/Desktop/Projects/surveilling-surveillance/alpr_data/data/full_run/images/T0XMSpGG_-4wyN84XiZf7w_180.jpg,False
T0XMSpGG_-4wyN84XiZf7w,270,39.9919228478165,-75.0919137023352,39.9919481,-75.0919762,osm,2025-07,T0XMSpGG_-4wyN84XiZf7w_270,/Users/mariyamushtaq/Desktop/Projects/surveilling-surveillance/alpr_data/data/full_run/images/T0XMSpGG_-4wyN84XiZf7w_270.jpg,False
1V-4Zt7O0LrQylT4s7OEYw,0,39.99278797983278,-75.09261397295928,39.9927166,-75.0926028,osm,2025-07,1V-4Zt7O0LrQylT4s7OEYw_0,/Users/mariyamushtaq/Desktop/Projects/surveilling-surveillance/alpr_data/data/full_run/images/1V-4Zt7O0LrQylT4s7OEYw_0.jpg,False
1V-4Zt7O0LrQylT4s7OEYw,90,39.99278797983278,-75.09261397295928,39.9927166,-75.0926028,osm,2025-07,1V-4Zt7O0LrQylT4s7OEYw_90,/Users/mariyamushtaq/Desktop/Projects/surveilling-surveillance/alpr_data/data/full_run/images/1V-4Zt7O0LrQylT4s7OEYw_90.jpg,False
1V-4Zt7O0LrQylT4s7OEYw,180,39.99278797983278,-75.09261397295928,39.9927166,-75.0926028,osm,2025-07,1V-4Zt7O0LrQylT4s7OEYw_180,/Users/mariyamushtaq/Desktop/Projects/surveilling-surveillance/alpr_data/data/full_run/images/1V-4Zt7O0LrQylT4s7OEYw_180.jpg,False
1V-4Zt7O0LrQylT4s7OEYw,270,39.99278797983278,-75.09261397295928,39.9927166,-75.0926028,osm,2025-07,1V-4Zt7O0LrQylT4s7OEYw_270,/Users/mariyamushtaq/Desktop/Projects/surveilling-surveillance/alpr_data/data/full_run/images/1V-4Zt7O0LrQylT4s7OEYw_270.jpg,False
kgeV4_2WLTpXUbYGXy_bXg,0,39.99679368523854,-75.09114455053765,39.996765,-75.091064,osm,2018-09,kgeV4_2WLTpXUbYGXy_bXg_0,/Users/mariyamushtaq/Desktop/Projects/surveilling-surveillance/alpr_data/data/full_run/images/kgeV4_2WLTpXUbYGXy_bXg_0.jpg,False
kgeV4_2WLTpXUbYGXy_bXg,90,39.99679368523854,-75.09114455053765,39.996765,-75.091064,osm,2018-09,kgeV4_2WLTpXUbYGXy_bXg_90,/Users/mariyamushtaq/Desktop/Projects/surveilling-surveillance/alpr_data/data/full_run/images/kgeV4_2WLTpXUbYGXy_bXg_90.jpg,False
kgeV4_2WLTpXUbYGXy_bXg,180,39.99679368523854,-75.09114455053765,39.996765,-75.091064,osm,2018-09,kgeV4_2WLTpXUbYGXy_bXg_180,/Users/mariyamushtaq/Desktop/Projects/surveilling-surveillance/alpr_data/data/full_run/images/kgeV4_2WLTpXUbYGXy_bXg_180.jpg,False
kgeV4_2WLTpXUbYGXy_bXg,270,39.99679368523854,-75.09114455053765,39.996765,-75.091064,osm,2018-09,kgeV4_2WLTpXUbYGXy_bXg_270,/Users/mariyamushtaq/Desktop/Projects/surveilling-surveillance/alpr_data/data/full_run/images/kgeV4_2WLTpXUbYGXy_bXg_270.jpg,False
vy9aaHDbStuJizy61PTi6w,0,39.99767208918851,-75.09284412866938,39.9976591,-75.092767,osm,2018-09,vy9aaHDbStuJizy61PTi6w_0,/Users/mariyamushtaq/Desktop/Projects/surveilling-surveillance/alpr_data/data/full_run/images/vy9aaHDbStuJizy61PTi6w_0.jpg,False
vy9aaHDbStuJizy61PTi6w,90,39.99767208918851,-75.09284412866938,39.9976591,-75.092767,osm,2018-09,vy9aaHDbStuJizy61PTi6w_90,/Users/mariyamushtaq/Desktop/Projects/surveilling-surveillance/alpr_data/data/full_run/images/vy9aaHDbStuJizy61PTi6w_90.jpg,False
vy9aaHDbStuJizy61PTi6w,180,39.99767208918851,-75.09284412866938,39.9976591,-75.092767,osm,2018-09,vy9aaHDbStuJizy61PTi6w_180,/Users/mariyamushtaq/Desktop/Projects/surveilling-surveillance/alpr_data/data/full_run/images/vy9aaHDbStuJizy61PTi6w_180.jpg,False
vy9aaHDbStuJizy61PTi6w,270,39.99767208918851,-75.09284412866938,39.9976591,-75.092767,osm,2018-09,vy9aaHDbStuJizy61PTi6w_270,/Users/mariyamushtaq/Desktop/Projects/surveilling-surveillance/alpr_data/data/full_run/images/vy9aaHDbStuJizy61PTi6w_270.jpg,False
jEaEdHT4pk-sG9jOYSdU1A,0,39.96208457889877,-75.16807668000448,39.9620708,-75.1682217,osm,2023-06,jEaEdHT4pk-sG9jOYSdU1A_0,/Users/mariyamushtaq/Desktop/Projects/surveilling-surveillance/alpr_data/data/full_run/images/jEaEdHT4pk-sG9jOYSdU1A_0.jpg,False
jEaEdHT4pk-sG9jOYSdU1A,90,39.96208457889877,-75.16807668000448,39.9620708,-75.1682217,osm,2023-06,jEaEdHT4pk-sG9jOYSdU1A_90,/Users/mariyamushtaq/Desktop/Projects/surveilling-surveillance/alpr_data/data/full_run/images/jEaEdHT4pk-sG9jOYSdU1A_90.jpg,False
jEaEdHT4pk-sG9jOYSdU1A,180,39.96208457889877,-75.16807668000448,39.9620708,-75.1682217,osm,2023-06,jEaEdHT4pk-sG9jOYSdU1A_180,/Users/mariyamushtaq/Desktop/Projects/surveilling-surveillance/alpr_data/data/full_run/images/jEaEdHT4pk-sG9jOYSdU1A_180.jpg,False
jEaEdHT4pk-sG9jOYSdU1A,270,39.96208457889877,-75.16807668000448,39.9620708,-75.1682217,osm,2023-06,jEaEdHT4pk-sG9jOYSdU1A_270,/Users/mariyamushtaq/Desktop/Projects/surveilling-surveillance/alpr_data/data/full_run/images/jEaEdHT4pk-sG9jOYSdU1A_270.jpg,False
mjhLA5mdoIN4hq49iAKOPg,0,39.99175846689586,-75.1550214093572,39.9917737,-75.1549925,osm,2025-05,mjhLA5mdoIN4hq49iAKOPg_0,/Users/mariyamushtaq/Desktop/Projects/surveilling-surveillance/alpr_data/data/full_run/images/mjhLA5mdoIN4hq49iAKOPg_0.jpg,False
mjhLA5mdoIN4hq49iAKOPg,90,39.99175846689586,-75.1550214093572,39.9917737,-75.1549925,osm,2025-05,mjhLA5mdoIN4hq49iAKOPg_90,/Users/mariyamushtaq/Desktop/Projects/surveilling-surveillance/alpr_data/data/full_run/images/mjhLA5mdoIN4hq49iAKOPg_90.jpg,False
mjhLA5mdoIN4hq49iAKOPg,180,39.99175846689586,-75.1550214093572,39.9917737,-75.1549925,osm,2025-05,mjhLA5mdoIN4hq49iAKOPg_180,/Users/mariyamushtaq/Desktop/Projects/surveilling-surveillance/alpr_data/data/full_run/images/mjhLA5mdoIN4hq49iAKOPg_180.jpg,False
mjhLA5mdoIN4hq49iAKOPg,270,39.99175846689586,-75.1550214093572,39.9917737,-75.1549925,osm,2025-05,mjhLA5mdoIN4hq49iAKOPg_270,/Users/mariyamushtaq/Desktop/Projects/surveilling-surveillance/alpr_data/data/full_run/images/mjhLA5mdoIN4hq49iAKOPg_270.jpg,False
kHzSoUwB1nF3ifyyw5sLcA,0,40.02753688164626,-75.19224584958307,40.0276034,-75.1922584,osm,2025-07,kHzSoUwB1nF3ifyyw5sLcA_0,/Users/mariyamushtaq/Desktop/Projects/surveilling-surveillance/alpr_data/data/full_run/images/kHzSoUwB1nF3ifyyw5sLcA_0.jpg,False
kHzSoUwB1nF3ifyyw5sLcA,90,40.02753688164626,-75.19224584958307,40.0276034,-75.1922584,osm,2025-07,kHzSoUwB1nF3ifyyw5sLcA_90,/Users/mariyamushtaq/Desktop/Projects/surveilling-surveillance/alpr_data/data/full_run/images/kHzSoUwB1nF3ifyyw5sLcA_90.jpg,False
kHzSoUwB1nF3ifyyw5sLcA,180,40.02753688164626,-75.19224584958307,40.0276034,-75.1922584,osm,2025-07,kHzSoUwB1nF3ifyyw5sLcA_180,/Users/mariyamushtaq/Desktop/Projects/surveilling-surveillance/alpr_data/data/full_run/images/kHzSoUwB1nF3ifyyw5sLcA_180.jpg,False
kHzSoUwB1nF3ifyyw5sLcA,270,40.02753688164626,-75.19224584958307,40.0276034,-75.1922584,osm,2025-07,kHzSoUwB1nF3ifyyw5sLcA_270,/Users/mariyamushtaq/Desktop/Projects/surveilling-surveillance/alpr_data/data/full_run/images/kHzSoUwB1nF3ifyyw5sLcA_270.jpg,False
ejnlZScDHYrl02MZaYQl7Q,0,40.01046050586771,-75.20085840424886,40.0103982,-75.2009054,osm,2025-04,ejnlZScDHYrl02MZaYQl7Q_0,/Users/mariyamushtaq/Desktop/Projects/surveilling-surveillance/alpr_data/data/full_run/images/ejnlZScDHYrl02MZaYQl7Q_0.jpg,False
ejnlZScDHYrl02MZaYQl7Q,90,40.01046050586771,-75.20085840424886,40.0103982,-75.2009054,osm,2025-04,ejnlZScDHYrl02MZaYQl7Q_90,/Users/mariyamushtaq/Desktop/Projects/surveilling-surveillance/alpr_data/data/full_run/images/ejnlZScDHYrl02MZaYQl7Q_90.jpg,False
ejnlZScDHYrl02MZaYQl7Q,180,40.01046050586771,-75.20085840424886,40.0103982,-75.2009054,osm,2025-04,ejnlZScDHYrl02MZaYQl7Q_180,/Users/mariyamushtaq/Desktop/Projects/surveilling-surveillance/alpr_data/data/full_run/images/ejnlZScDHYrl02MZaYQl7Q_180.jpg,False
ejnlZScDHYrl02MZaYQl7Q,270,40.01046050586771,-75.20085840424886,40.0103982,-75.2009054,osm,2025-04,ejnlZScDHYrl02MZaYQl7Q_270,/Users/mariyamushtaq/Desktop/Projects/surveilling-surveillance/alpr_data/data/full_run/images/ejnlZScDHYrl02MZaYQl7Q_270.jpg,False
OMj8VojaaQv5dM5GtVCb9Q,0,39.98067158734786,-75.19833419601615,39.9806651,-75.1984274,osm,2025-05,OMj8VojaaQv5dM5GtVCb9Q_0,/Users/mariyamushtaq/Desktop/Projects/surveilling-surveillance/alpr_data/data/full_run/images/OMj8VojaaQv5dM5GtVCb9Q_0.jpg,False
OMj8VojaaQv5dM5GtVCb9Q,90,39.98067158734786,-75.19833419601615,39.9806651,-75.1984274,osm,2025-05,OMj8VojaaQv5dM5GtVCb9Q_90,/Users/mariyamushtaq/Desktop/Projects/surveilling-surveillance/alpr_data/data/full_run/images/OMj8VojaaQv5dM5GtVCb9Q_90.jpg,False
OMj8VojaaQv5dM5GtVCb9Q,180,39.98067158734786,-75.19833419601615,39.9806651,-75.1984274,osm,2025-05,OMj8VojaaQv5dM5GtVCb9Q_180,/Users/mariyamushtaq/Desktop/Projects/surveilling-surveillance/alpr_data/data/full_run/images/OMj8VojaaQv5dM5GtVCb9Q_180.jpg,False
OMj8VojaaQv5dM5GtVCb9Q,270,39.98067158734786,-75.19833419601615,39.9806651,-75.1984274,osm,2025-05,OMj8VojaaQv5dM5GtVCb9Q_270,/Users/mariyamushtaq/Desktop/Projects/surveilling-surveillance/alpr_data/data/full_run/images/OMj8VojaaQv5dM5GtVCb9Q_270.jpg,False
f1sxZxuG19vP2NEzmi4WNw,0,39.99683442297488,-75.09123499200449,39.9969037,-75.091192,osm,2018-09,f1sxZxuG19vP2NEzmi4WNw_0,/Users/mariyamushtaq/Desktop/Projects/surveilling-surveillance/alpr_data/data/full_run/images/f1sxZxuG19vP2NEzmi4WNw_0.jpg,False
f1sxZxuG19vP2NEzmi4WNw,90,39.99683442297488,-75.09123499200449,39.9969037,-75.091192,osm,2018-09,f1sxZxuG19vP2NEzmi4WNw_90,/Users/mariyamushtaq/Desktop/Projects/surveilling-surveillance/alpr_data/data/full_run/images/f1sxZxuG19vP2NEzmi4WNw_90.jpg,False
f1sxZxuG19vP2NEzmi4WNw,180,39.99683442297488,-75.09123499200449,39.9969037,-75.091192,osm,2018-09,f1sxZxuG19vP2NEzmi4WNw_180,/Users/mariyamushtaq/Desktop/Projects/surveilling-surveillance/alpr_data/data/full_run/images/f1sxZxuG19vP2NEzmi4WNw_180.jpg,False
f1sxZxuG19vP2NEzmi4WNw,270,39.99683442297488,-75.09123499200449,39.9969037,-75.091192,osm,2018-09,f1sxZxuG19vP2NEzmi4WNw_270,/Users/mariyamushtaq/Desktop/Projects/surveilling-surveillance/alpr_data/data/full_run/images/f1sxZxuG19vP2NEzmi4WNw_270.jpg,False
BkO5rr9rv1brYkIXsqateg,0,39.97774742835541,-75.15585295468215,39.9777304,-75.155773,osm,2025-04,BkO5rr9rv1brYkIXsqateg_0,/Users/mariyamushtaq/Desktop/Projects/surveilling-surveillance/alpr_data/data/full_run/images/BkO5rr9rv1brYkIXsqateg_0.jpg,False
BkO5rr9rv1brYkIXsqateg,90,39.97774742835541,-75.15585295468215,39.9777304,-75.155773,osm,2025-04,BkO5rr9rv1brYkIXsqateg_90,/Users/mariyamushtaq/Desktop/Projects/surveilling-surveillance/alpr_data/data/full_run/images/BkO5rr9rv1brYkIXsqateg_90.jpg,False
BkO5rr9rv1brYkIXsqateg,180,39.97774742835541,-75.15585295468215,39.9777304,-75.155773,osm,2025-04,BkO5rr9rv1brYkIXsqateg_180,/Users/mariyamushtaq/Desktop/Projects/surveilling-surveillance/alpr_data/data/full_run/images/BkO5rr9rv1brYkIXsqateg_180.jpg,False
BkO5rr9rv1brYkIXsqateg,270,39.97774742835541,-75.15585295468215,39.9777304,-75.155773,osm,2025-04,BkO5rr9rv1brYkIXsqateg_270,/Users/mariyamushtaq/Desktop/Projects/surveilling-surveillance/alpr_data/data/full_run/images/BkO5rr9rv1brYkIXsqateg_270.jpg,False
_RuAUCiuglfF2EZZ0ZVXlA,0,39.98404954290625,-75.15286236370171,39.9840119,-75.1528354,osm,2025-04,_RuAUCiuglfF2EZZ0ZVXlA_0,/Users/mariyamushtaq/Desktop/Projects/surveilling-surveillance/alpr_data/data/full_run/images/_RuAUCiuglfF2EZZ0ZVXlA_0.jpg,False
_RuAUCiuglfF2EZZ0ZVXlA,90,39.98404954290625,-75.15286236370171,39.9840119,-75.1528354,osm,2025-04,_RuAUCiuglfF2EZZ0ZVXlA_90,/Users/mariyamushtaq/Desktop/Projects/surveilling-surveillance/alpr_data/data/full_run/images/_RuAUCiuglfF2EZZ0ZVXlA_90.jpg,False
_RuAUCiuglfF2EZZ0ZVXlA,180,39.98404954290625,-75.15286236370171,39.9840119,-75.1528354,osm,2025-04,_RuAUCiuglfF2EZZ0ZVXlA_180,/Users/mariyamushtaq/Desktop/Projects/surveilling-surveillance/alpr_data/data/full_run/images/_RuAUCiuglfF2EZZ0ZVXlA_180.jpg,False
_RuAUCiuglfF2EZZ0ZVXlA,270,39.98404954290625,-75.15286236370171,39.9840119,-75.1528354,osm,2025-04,_RuAUCiuglfF2EZZ0ZVXlA_270,/Users/mariyamushtaq/Desktop/Projects/surveilling-surveillance/alpr_data/data/full_run/images/_RuAUCiuglfF2EZZ0ZVXlA_270.jpg,False
_lLyzReuF3Pzj6njWW1DDA,0,39.98254881499179,-75.15175682110134,39.9825066,-75.1518215,osm,2025-04,_lLyzReuF3Pzj6njWW1DDA_0,/Users/mariyamushtaq/Desktop/Projects/surveilling-surveillance/alpr_data/data/full_run/images/_lLyzReuF3Pzj6njWW1DDA_0.jpg,False
_lLyzReuF3Pzj6njWW1DDA,90,39.98254881499179,-75.15175682110134,39.9825066,-75.1518215,osm,2025-04,_lLyzReuF3Pzj6njWW1DDA_90,/Users/mariyamushtaq/Desktop/Projects/surveilling-surveillance/alpr_data/data/full_run/images/_lLyzReuF3Pzj6njWW1DDA_90.jpg,False
_lLyzReuF3Pzj6njWW1DDA,180,39.98254881499179,-75.15175682110134,39.9825066,-75.1518215,osm,2025-04,_lLyzReuF3Pzj6njWW1DDA_180,/Users/mariyamushtaq/Desktop/Projects/surveilling-surveillance/alpr_data/data/full_run/images/_lLyzReuF3Pzj6njWW1DDA_180.jpg,False
_lLyzReuF3Pzj6njWW1DDA,270,39.98254881499179,-75.15175682110134,39.9825066,-75.1518215,osm,2025-04,_lLyzReuF3Pzj6njWW1DDA_270,/Users/mariyamushtaq/Desktop/Projects/surveilling-surveillance/alpr_data/data/full_run/images/_lLyzReuF3Pzj6njWW1DDA_270.jpg,False
SsXM8Lp_hoRXu1SCPc1JFA,0,40.11372106625976,-74.98809035561753,40.1137507,-74.9881908,osm,2025-12,SsXM8Lp_hoRXu1SCPc1JFA_0,/Users/mariyamushtaq/Desktop/Projects/surveilling-surveillance/alpr_data/data/full_run/images/SsXM8Lp_hoRXu1SCPc1JFA_0.jpg,False
SsXM8Lp_hoRXu1SCPc1JFA,90,40.11372106625976,-74.98809035561753,40.1137507,-74.9881908,osm,2025-12,SsXM8Lp_hoRXu1SCPc1JFA_90,/Users/mariyamushtaq/Desktop/Projects/surveilling-surveillance/alpr_data/data/full_run/images/SsXM8Lp_hoRXu1SCPc1JFA_90.jpg,False
SsXM8Lp_hoRXu1SCPc1JFA,180,40.11372106625976,-74.98809035561753,40.1137507,-74.9881908,osm,2025-12,SsXM8Lp_hoRXu1SCPc1JFA_180,/Users/mariyamushtaq/Desktop/Projects/surveilling-surveillance/alpr_data/data/full_run/images/SsXM8Lp_hoRXu1SCPc1JFA_180.jpg,False
SsXM8Lp_hoRXu1SCPc1JFA,270,40.11372106625976,-74.98809035561753,40.1137507,-74.9881908,osm,2025-12,SsXM8Lp_hoRXu1SCPc1JFA_270,/Users/mariyamushtaq/Desktop/Projects/surveilling-surveillance/alpr_data/data/full_run/images/SsXM8Lp_hoRXu1SCPc1JFA_270.jpg,False
bAJAILsYPWk9uCI1HE4NQQ,0,40.11445373864073,-74.98765274669796,40.1144991,-74.9877575,osm,2023-10,bAJAILsYPWk9uCI1HE4NQQ_0,/Users/mariyamushtaq/Desktop/Projects/surveilling-surveillance/alpr_data/data/full_run/images/bAJAILsYPWk9uCI1HE4NQQ_0.jpg,False
bAJAILsYPWk9uCI1HE4NQQ,90,40.11445373864073,-74.98765274669796,40.1144991,-74.9877575,osm,2023-10,bAJAILsYPWk9uCI1HE4NQQ_90,/Users/mariyamushtaq/Desktop/Projects/surveilling-surveillance/alpr_data/data/full_run/images/bAJAILsYPWk9uCI1HE4NQQ_90.jpg,False
bAJAILsYPWk9uCI1HE4NQQ,180,40.11445373864073,-74.98765274669796,40.1144991,-74.9877575,osm,2023-10,bAJAILsYPWk9uCI1HE4NQQ_180,/Users/mariyamushtaq/Desktop/Projects/surveilling-surveillance/alpr_data/data/full_run/images/bAJAILsYPWk9uCI1HE4NQQ_180.jpg,False
bAJAILsYPWk9uCI1HE4NQQ,270,40.11445373864073,-74.98765274669796,40.1144991,-74.9877575,osm,2023-10,bAJAILsYPWk9uCI1HE4NQQ_270,/Users/mariyamushtaq/Desktop/Projects/surveilling-surveillance/alpr_data/data/full_run/images/bAJAILsYPWk9uCI1HE4NQQ_270.jpg,False
qBewgLCpLfx-dwFK7iHe4A,0,39.94944920244799,-75.2099870815708,39.9493644,-75.2099998,osm,2025-07,qBewgLCpLfx-dwFK7iHe4A_0,/Users/mariyamushtaq/Desktop/Projects/surveilling-surveillance/alpr_data/data/full_run/images/qBewgLCpLfx-dwFK7iHe4A_0.jpg,False
qBewgLCpLfx-dwFK7iHe4A,90,39.94944920244799,-75.2099870815708,39.9493644,-75.2099998,osm,2025-07,qBewgLCpLfx-dwFK7iHe4A_90,/Users/mariyamushtaq/Desktop/Projects/surveilling-surveillance/alpr_data/data/full_run/images/qBewgLCpLfx-dwFK7iHe4A_90.jpg,False
qBewgLCpLfx-dwFK7iHe4A,180,39.94944920244799,-75.2099870815708,39.9493644,-75.2099998,osm,2025-07,qBewgLCpLfx-dwFK7iHe4A_180,/Users/mariyamushtaq/Desktop/Projects/surveilling-surveillance/alpr_data/data/full_run/images/qBewgLCpLfx-dwFK7iHe4A_180.jpg,False
qBewgLCpLfx-dwFK7iHe4A,270,39.94944920244799,-75.2099870815708,39.9493644,-75.2099998,osm,2025-07,qBewgLCpLfx-dwFK7iHe4A_270,/Users/mariyamushtaq/Desktop/Projects/surveilling-surveillance/alpr_data/data/full_run/images/qBewgLCpLfx-dwFK7iHe4A_270.jpg,False
9uG1HuXRM2qXQTIvKCvcqw,0,39.91640124464539,-75.18711162561021,39.9163731,-75.1870777,osm,2019-10,9uG1HuXRM2qXQTIvKCvcqw_0,/Users/mariyamushtaq/Desktop/Projects/surveilling-surveillance/alpr_data/data/full_run/images/9uG1HuXRM2qXQTIvKCvcqw_0.jpg,False
9uG1HuXRM2qXQTIvKCvcqw,90,39.91640124464539,-75.18711162561021,39.9163731,-75.1870777,osm,2019-10,9uG1HuXRM2qXQTIvKCvcqw_90,/Users/mariyamushtaq/Desktop/Projects/surveilling-surveillance/alpr_data/data/full_run/images/9uG1HuXRM2qXQTIvKCvcqw_90.jpg,False
9uG1HuXRM2qXQTIvKCvcqw,180,39.91640124464539,-75.18711162561021,39.9163731,-75.1870777,osm,2019-10,9uG1HuXRM2qXQTIvKCvcqw_180,/Users/mariyamushtaq/Desktop/Projects/surveilling-surveillance/alpr_data/data/full_run/images/9uG1HuXRM2qXQTIvKCvcqw_180.jpg,False
9uG1HuXRM2qXQTIvKCvcqw,270,39.91640124464539,-75.18711162561021,39.9163731,-75.1870777,osm,2019-10,9uG1HuXRM2qXQTIvKCvcqw_270,/Users/mariyamushtaq/Desktop/Projects/surveilling-surveillance/alpr_data/data/full_run/images/9uG1HuXRM2qXQTIvKCvcqw_270.jpg,False
OeQmDWtA0nRqrPHoNVBfCQ,0,39.91631064026196,-75.1871323744261,39.9163354,-75.1871784,osm,2018-11,OeQmDWtA0nRqrPHoNVBfCQ_0,/Users/mariyamushtaq/Desktop/Projects/surveilling-surveillance/alpr_data/data/full_run/images/OeQmDWtA0nRqrPHoNVBfCQ_0.jpg,False
OeQmDWtA0nRqrPHoNVBfCQ,90,39.91631064026196,-75.1871323744261,39.9163354,-75.1871784,osm,2018-11,OeQmDWtA0nRqrPHoNVBfCQ_90,/Users/mariyamushtaq/Desktop/Projects/surveilling-surveillance/alpr_data/data/full_run/images/OeQmDWtA0nRqrPHoNVBfCQ_90.jpg,False
OeQmDWtA0nRqrPHoNVBfCQ,180,39.91631064026196,-75.1871323744261,39.9163354,-75.1871784,osm,2018-11,OeQmDWtA0nRqrPHoNVBfCQ_180,/Users/mariyamushtaq/Desktop/Projects/surveilling-surveillance/alpr_data/data/full_run/images/OeQmDWtA0nRqrPHoNVBfCQ_180.jpg,False
OeQmDWtA0nRqrPHoNVBfCQ,270,39.91631064026196,-75.1871323744261,39.9163354,-75.1871784,osm,2018-11,OeQmDWtA0nRqrPHoNVBfCQ_270,/Users/mariyamushtaq/Desktop/Projects/surveilling-surveillance/alpr_data/data/full_run/images/OeQmDWtA0nRqrPHoNVBfCQ_270.jpg,False
cc6V7gvjLowFQf_P8vyWrQ,0,39.91713049697094,-75.17245630874646,39.9171327,-75.172422,osm,2025-04,cc6V7gvjLowFQf_P8vyWrQ_0,/Users/mariyamushtaq/Desktop/Projects/surveilling-surveillance/alpr_data/data/full_run/images/cc6V7gvjLowFQf_P8vyWrQ_0.jpg,False
cc6V7gvjLowFQf_P8vyWrQ,90,39.91713049697094,-75.17245630874646,39.9171327,-75.172422,osm,2025-04,cc6V7gvjLowFQf_P8vyWrQ_90,/Users/mariyamushtaq/Desktop/Projects/surveilling-surveillance/alpr_data/data/full_run/images/cc6V7gvjLowFQf_P8vyWrQ_90.jpg,False
cc6V7gvjLowFQf_P8vyWrQ,180,39.91713049697094,-75.17245630874646,39.9171327,-75.172422,osm,2025-04,cc6V7gvjLowFQf_P8vyWrQ_180,/Users/mariyamushtaq/Desktop/Projects/surveilling-surveillance/alpr_data/data/full_run/images/cc6V7gvjLowFQf_P8vyWrQ_180.jpg,False
cc6V7gvjLowFQf_P8vyWrQ,270,39.91713049697094,-75.17245630874646,39.9171327,-75.172422,osm,2025-04,cc6V7gvjLowFQf_P8vyWrQ_270,/Users/mariyamushtaq/Desktop/Projects/surveilling-surveillance/alpr_data/data/full_run/images/cc6V7gvjLowFQf_P8vyWrQ_270.jpg,False
FQJIpMe2cu7ZaIhIbHqyHQ,0,39.95359327559016,-75.21036495703811,39.95360000000001,-75.21015491528411,deflock,2024-10,FQJIpMe2cu7ZaIhIbHqyHQ_0,/Users/mariyamushtaq/Desktop/Projects/surveilling-surveillance/alpr_data/data/full_run/images/FQJIpMe2cu7ZaIhIbHqyHQ_0.jpg,False
FQJIpMe2cu7ZaIhIbHqyHQ,90,39.95359327559016,-75.21036495703811,39.95360000000001,-75.21015491528411,deflock,2024-10,FQJIpMe2cu7ZaIhIbHqyHQ_90,/Users/mariyamushtaq/Desktop/Projects/surveilling-surveillance/alpr_data/data/full_run/images/FQJIpMe2cu7ZaIhIbHqyHQ_90.jpg,False
FQJIpMe2cu7ZaIhIbHqyHQ,180,39.95359327559016,-75.21036495703811,39.95360000000001,-75.21015491528411,deflock,2024-10,FQJIpMe2cu7ZaIhIbHqyHQ_180,/Users/mariyamushtaq/Desktop/Projects/surveilling-surveillance/alpr_data/data/full_run/images/FQJIpMe2cu7ZaIhIbHqyHQ_180.jpg,False
FQJIpMe2cu7ZaIhIbHqyHQ,270,39.95359327559016,-75.21036495703811,39.95360000000001,-75.21015491528411,deflock,2024-10,FQJIpMe2cu7ZaIhIbHqyHQ_270,/Users/mariyamushtaq/Desktop/Projects/surveilling-surveillance/alpr_data/data/full_run/images/FQJIpMe2cu7ZaIhIbHqyHQ_270.jpg,False
gOUAwU9pZuj1rCHBLMFQ6g,0,39.99180444687287,-75.15593391788994,39.9917737,-75.15589081528411,deflock,2025-04,gOUAwU9pZuj1rCHBLMFQ6g_0,/Users/mariyamushtaq/Desktop/Projects/surveilling-surveillance/alpr_data/data/full_run/images/gOUAwU9pZuj1rCHBLMFQ6g_0.jpg,False
gOUAwU9pZuj1rCHBLMFQ6g,90,39.99180444687287,-75.15593391788994,39.9917737,-75.15589081528411,deflock,2025-04,gOUAwU9pZuj1rCHBLMFQ6g_90,/Users/mariyamushtaq/Desktop/Projects/surveilling-surveillance/alpr_data/data/full_run/images/gOUAwU9pZuj1rCHBLMFQ6g_90.jpg,False
gOUAwU9pZuj1rCHBLMFQ6g,180,39.99180444687287,-75.15593391788994,39.9917737,-75.15589081528411,deflock,2025-04,gOUAwU9pZuj1rCHBLMFQ6g_180,/Users/mariyamushtaq/Desktop/Projects/surveilling-surveillance/alpr_data/data/full_run/images/gOUAwU9pZuj1rCHBLMFQ6g_180.jpg,False
gOUAwU9pZuj1rCHBLMFQ6g,270,39.99180444687287,-75.15593391788994,39.9917737,-75.15589081528411,deflock,2025-04,gOUAwU9pZuj1rCHBLMFQ6g_270,/Users/mariyamushtaq/Desktop/Projects/surveilling-surveillance/alpr_data/data/full_run/images/gOUAwU9pZuj1rCHBLMFQ6g_270.jpg,False
iS4oU1f54MiMCTDeSpdVcA,0,39.97831959887646,-75.22351763996811,39.9782658,-75.22359721528412,deflock,2024-07,iS4oU1f54MiMCTDeSpdVcA_0,/Users/mariyamushtaq/Desktop/Projects/surveilling-surveillance/alpr_data/data/full_run/images/iS4oU1f54MiMCTDeSpdVcA_0.jpg,False
iS4oU1f54MiMCTDeSpdVcA,90,39.97831959887646,-75.22351763996811,39.9782658,-75.22359721528412,deflock,2024-07,iS4oU1f54MiMCTDeSpdVcA_90,/Users/mariyamushtaq/Desktop/Projects/surveilling-surveillance/alpr_data/data/full_run/images/iS4oU1f54MiMCTDeSpdVcA_90.jpg,False
iS4oU1f54MiMCTDeSpdVcA,180,39.97831959887646,-75.22351763996811,39.9782658,-75.22359721528412,deflock,2024-07,iS4oU1f54MiMCTDeSpdVcA_180,/Users/mariyamushtaq/Desktop/Projects/surveilling-surveillance/alpr_data/data/full_run/images/iS4oU1f54MiMCTDeSpdVcA_180.jpg,False
iS4oU1f54MiMCTDeSpdVcA,270,39.97831959887646,-75.22351763996811,39.9782658,-75.22359721528412,deflock,2024-07,iS4oU1f54MiMCTDeSpdVcA_270,/Users/mariyamushtaq/Desktop/Projects/surveilling-surveillance/alpr_data/data/full_run/images/iS4oU1f54MiMCTDeSpdVcA_270.jpg,False
2HXH5iBrXwH45DbYdvBUtg,0,39.91635179008481,-75.18792670470924,39.91637310000001,-75.18797601528412,deflock,2019-10,2HXH5iBrXwH45DbYdvBUtg_0,/Users/mariyamushtaq/Desktop/Projects/surveilling-surveillance/alpr_data/data/full_run/images/2HXH5iBrXwH45DbYdvBUtg_0.jpg,False
2HXH5iBrXwH45DbYdvBUtg,90,39.91635179008481,-75.18792670470924,39.91637310000001,-75.18797601528412,deflock,2019-10,2HXH5iBrXwH45DbYdvBUtg_90,/Users/mariyamushtaq/Desktop/Projects/surveilling-surveillance/alpr_data/data/full_run/images/2HXH5iBrXwH45DbYdvBUtg_90.jpg,False
2HXH5iBrXwH45DbYdvBUtg,180,39.91635179008481,-75.18792670470924,39.91637310000001,-75.18797601528412,deflock,2019-10,2HXH5iBrXwH45DbYdvBUtg_180,/Users/mariyamushtaq/Desktop/Projects/surveilling-surveillance/alpr_data/data/full_run/images/2HXH5iBrXwH45DbYdvBUtg_180.jpg,False
2HXH5iBrXwH45DbYdvBUtg,270,39.91635179008481,-75.18792670470924,39.91637310000001,-75.18797601528412,deflock,2019-10,2HXH5iBrXwH45DbYdvBUtg_270,/Users/mariyamushtaq/Desktop/Projects/surveilling-surveillance/alpr_data/data/full_run/images/2HXH5iBrXwH45DbYdvBUtg_270.jpg,False
