panoid,lat,lon,lat_alpr,lon_alpr,source,n_detections,max_score,classes
LmchcsKF6z3pL5MR7Nql7w,40.01732622631302,-75.14944087479591,40.0173717,-75.1495773,osm,1,0.5554,Directed Camera
aNUJTYsRIBQR7OAfRBqLvQ,40.0395182116994,-75.11023234974446,40.0394614,-75.1103271,osm,0,,
QfUUN5V8816XOdxSE1sjlA,40.02509419845749,-75.12609513376515,40.0250307,-75.1260911,osm,0,,
jIONvYNL-Cu9qQ5EkgcNaQ,39.95357530660712,-75.20940771229407,39.9536,-75.2092566,osm,0,,
EPtLLdRhkJPK-RosJqWgsA,39.97834005531965,-75.22266811385325,39.9782658,-75.2226989,osm,0,,
BbzfqpLXP6DGK5XHPycJjQ,40.02860693809181,-75.09821166086508,40.0285804,-75.098198,osm,0,,
ZNnFjaeNna3i9cHslb50lQ,40.02981330259841,-75.09912271550603,40.0298768,-75.0991106,osm,1,0.4877,Dome Camera
UNrbZ67Nk789Qbjp3IjmlA,40.03055574397781,-75.09901321102421,40.030495,-75.0990475,osm,0,,
iPiAOPopP0Wvrlj4rs3Osw,40.03232850386819,-75.10193372047507,40.0323063,-75.101991,osm,0,,
T0XMSpGG_-4wyN84XiZf7w,39.9919228478165,-75.0919137023352,39.9919481,-75.0919762,osm,0,,
1V-4Zt7O0LrQylT4s7OEYw,39.99278797983278,-75.09261397295928,39.9927166,-75.0926028,osm,0,,
kgeV4_2WLTpXUbYGXy_bXg,39.99679368523854,-75.09114455053765,39.996765,-75.091064,osm,0,,
vy9aaHDbStuJizy61PTi6w,39.99767208918851,-75.09284412866938,39.9976591,-75.092767,osm,0,,
jEaEdHT4pk-sG9jOYSdU1A,39.96208457889877,-75.16807668000448,39.9620708,-75.1682217,osm,1,0.5225,Directed Camera
mjhLA5mdoIN4hq49iAKOPg,39.99175846689586,-75.1550214093572,39.9917737,-75.1549925,osm,0,,
kHzSoUwB1nF3ifyyw5sLcA,40.02753688164626,-75.19224584958307,40.0276034,-75.1922584,osm,1,0.5921,Dome Camera
ejnlZScDHYrl02MZaYQl7Q,40.01046050586771,-75.20085840424886,40.0103982,-75.2009054,osm,0,,
OMj8VojaaQv5dM5GtVCb9Q,39.98067158734786,-75.19833419601615,39.9806651,-75.1984274,osm,0,,
f1sxZxuG19vP2NEzmi4WNw,39.99683442297488,-75.09123499200449,39.9969037,-75.091192,osm,0,,
BkO5rr9rv1brYkIXsqateg,39.97774742835541,-75.15585295468215,39.9777304,-75.155773,osm,1,0.3888,Dome Camera
_RuAUCiuglfF2EZZ0ZVXlA,39.98404954290625,-75.15286236370171,39.9840119,-75.1528354,osm,2,0.8177,Dome Camera
_lLyzReuF3Pzj6njWW1DDA,39.98254881499179,-75.15175682110134,39.9825066,-75.1518215,osm,1,0.7466,Dome Camera
SsXM8Lp_hoRXu1SCPc1JFA,40.11372106625976,-74.98809035561753,40.1137507,-74.9881908,osm,0,,
bAJAILsYPWk9uCI1HE4NQQ,40.11445373864073,-74.98765274669796,40.1144991,-74.9877575,osm,0,,
qBewgLCpLfx-dwFK7iHe4A,39.94944920244799,-75.2099870815708,39.9493644,-75.2099998,osm,0,,
9uG1HuXRM2qXQTIvKCvcqw,39.91640124464539,-75.18711162561021,39.9163731,-75.1870777,osm,0,,
OeQmDWtA0nRqrPHoNVBfCQ,39.91631064026196,-75.1871323744261,39.9163354,-75.1871784,osm,1,0.761,Directed Camera
cc6V7gvjLowFQf_P8vyWrQ,39.91713049697094,-75.17245630874646,39.9171327,-75.172422,osm,0,,
FQJIpMe2cu7ZaIhIbHqyHQ,39.95359327559016,-75.21036495703811,39.95360000000001,-75.21015491528411,deflock,0,,
gOUAwU9pZuj1rCHBLMFQ6g,39.99180444687287,-75.15593391788994,39.9917737,-75.15589081528411,deflock,1,0.401,Dome Camera
iS4oU1f54MiMCTDeSpdVcA,39.97831959887646,-75.22351763996811,39.9782658,-75.22359721528412,deflock,1,0.5941,Dome Camera
2HXH5iBrXwH45DbYdvBUtg,39.91635179008481,-75.18792670470924,39.91637310000001,-75.18797601528412,deflock,0,,
