image,class,class_id,score,bbox
BkO5rr9rv1brYkIXsqateg_270.jpg,Dome Camera,1,0.3888,"[432, 247, 436, 254]"
LmchcsKF6z3pL5MR7Nql7w_270.jpg,Directed Camera,0,0.5554,"[327, 239, 336, 247]"
OeQmDWtA0nRqrPHoNVBfCQ_180.jpg,Directed Camera,0,0.761,"[566, 217, 573, 224]"
ZNnFjaeNna3i9cHslb50lQ_90.jpg,Dome Camera,1,0.4877,"[614, 204, 626, 215]"
_RuAUCiuglfF2EZZ0ZVXlA_270.jpg,Dome Camera,1,0.8177,"[532, 169, 544, 183]"
_RuAUCiuglfF2EZZ0ZVXlA_270.jpg,Dome Camera,1,0.8146,"[186, 223, 197, 236]"
_lLyzReuF3Pzj6njWW1DDA_180.jpg,Dome Camera,1,0.7466,"[133, 202, 144, 214]"
gOUAwU9pZuj1rCHBLMFQ6g_0.jpg,Dome Camera,1,0.401,"[130, 171, 137, 184]"
iS4oU1f54MiMCTDeSpdVcA_0.jpg,Dome Camera,1,0.5941,"[131, 83, 140, 89]"
jEaEdHT4pk-sG9jOYSdU1A_90.jpg,Directed Camera,0,0.5225,"[53, 259, 63, 272]"
kHzSoUwB1nF3ifyyw5sLcA_270.jpg,Dome Camera,1,0.5921,"[439, 180, 448, 189]"
