image,det_image,class,class_id,score,score_band,bbox,is_correct,notes
H9VEd7RXJA28LCvwkSC_3Q_0.jpg,H9VEd7RXJA28LCvwkSC_3Q_0_det.jpg,Directed Camera,0,0.969999,0.8-1.0 (high),"[192, 162, 208, 170]",,
Tqp-CZrQnh78bwOjSdbo0A_90.jpg,Tqp-CZrQnh78bwOjSdbo0A_90_det.jpg,Dome Camera,1,0.924039,0.8-1.0 (high),"[279, 207, 289, 220]",,
h_7h7zq5m0okgFYvG_eqWQ_0.jpg,h_7h7zq5m0okgFYvG_eqWQ_0_det.jpg,Directed Camera,0,0.90064,0.8-1.0 (high),"[107, 200, 131, 220]",,
4fc2ZVKpb5iBnc1lNItdPg_90.jpg,4fc2ZVKpb5iBnc1lNItdPg_90_det.jpg,Dome Camera,1,0.886925,0.8-1.0 (high),"[275, 244, 290, 252]",,
wc1eDQUrZqJ6bbayrl2Txw_270.jpg,wc1eDQUrZqJ6bbayrl2Txw_270_det.jpg,Dome Camera,1,0.883643,0.8-1.0 (high),"[111, 101, 123, 117]",,
mJedU6mDToIkKY8H7mDleg_0.jpg,mJedU6mDToIkKY8H7mDleg_0_det.jpg,Dome Camera,1,0.824305,0.8-1.0 (high),"[179, 202, 194, 213]",,
_RuAUCiuglfF2EZZ0ZVXlA_270.jpg,_RuAUCiuglfF2EZZ0ZVXlA_270_det.jpg,Dome Camera,1,0.817736,0.8-1.0 (high),"[532, 169, 544, 183]",,
_RuAUCiuglfF2EZZ0ZVXlA_270.jpg,_RuAUCiuglfF2EZZ0ZVXlA_270_det.jpg,Dome Camera,1,0.814606,0.8-1.0 (high),"[186, 223, 197, 236]",,
Wh6TA8mK0grjMLprF11l-w_0.jpg,Wh6TA8mK0grjMLprF11l-w_0_det.jpg,Dome Camera,1,0.781521,0.6-0.8,"[140, 106, 163, 121]",,
_lLyzReuF3Pzj6njWW1DDA_180.jpg,_lLyzReuF3Pzj6njWW1DDA_180_det.jpg,Dome Camera,1,0.746562,0.6-0.8,"[133, 202, 144, 214]",,
Wh6TA8mK0grjMLprF11l-w_0.jpg,Wh6TA8mK0grjMLprF11l-w_0_det.jpg,Directed Camera,0,0.718576,0.6-0.8,"[12, 241, 18, 249]",,
kUrXrXVO06lbeEETw25EsA_270.jpg,kUrXrXVO06lbeEETw25EsA_270_det.jpg,Directed Camera,0,0.683131,0.6-0.8,"[438, 84, 449, 94]",,
wc1eDQUrZqJ6bbayrl2Txw_270.jpg,wc1eDQUrZqJ6bbayrl2Txw_270_det.jpg,Dome Camera,1,0.654692,0.6-0.8,"[154, 40, 171, 61]",,
eXG2-xAXtT-2SMxaJEfDCQ_90.jpg,eXG2-xAXtT-2SMxaJEfDCQ_90_det.jpg,Directed Camera,0,0.646629,0.6-0.8,"[201, 191, 208, 197]",,
c5Z4pvIoTQONkbzK7dH8SA_0.jpg,c5Z4pvIoTQONkbzK7dH8SA_0_det.jpg,Dome Camera,1,0.630219,0.6-0.8,"[338, 120, 348, 129]",,
UoXLYgwe2s1A7FW-buvqPg_0.jpg,UoXLYgwe2s1A7FW-buvqPg_0_det.jpg,Dome Camera,1,0.601371,0.6-0.8,"[199, 260, 204, 267]",,
iS4oU1f54MiMCTDeSpdVcA_0.jpg,iS4oU1f54MiMCTDeSpdVcA_0_det.jpg,Dome Camera,1,0.594085,0.4-0.6,"[131, 83, 140, 89]",,
kHzSoUwB1nF3ifyyw5sLcA_270.jpg,kHzSoUwB1nF3ifyyw5sLcA_270_det.jpg,Dome Camera,1,0.592084,0.4-0.6,"[439, 180, 448, 189]",,
4fc2ZVKpb5iBnc1lNItdPg_0.jpg,4fc2ZVKpb5iBnc1lNItdPg_0_det.jpg,Dome Camera,1,0.578315,0.4-0.6,"[298, 194, 317, 213]",,
s3EKI0qkuJzfqG46P6dbtg_270.jpg,s3EKI0qkuJzfqG46P6dbtg_270_det.jpg,Dome Camera,1,0.556773,0.4-0.6,"[332, 213, 340, 220]",,
LmchcsKF6z3pL5MR7Nql7w_270.jpg,LmchcsKF6z3pL5MR7Nql7w_270_det.jpg,Directed Camera,0,0.555432,0.4-0.6,"[327, 239, 336, 247]",,
jEaEdHT4pk-sG9jOYSdU1A_90.jpg,jEaEdHT4pk-sG9jOYSdU1A_90_det.jpg,Directed Camera,0,0.522469,0.4-0.6,"[53, 259, 63, 272]",,
ZNnFjaeNna3i9cHslb50lQ_90.jpg,ZNnFjaeNna3i9cHslb50lQ_90_det.jpg,Dome Camera,1,0.487651,0.4-0.6,"[614, 204, 626, 215]",,
c5Z4pvIoTQONkbzK7dH8SA_270.jpg,c5Z4pvIoTQONkbzK7dH8SA_270_det.jpg,Dome Camera,1,0.423349,0.4-0.6,"[431, 120, 439, 128]",,
5SQSUEFJqAGBB7OO1fGlpQ_90.jpg,5SQSUEFJqAGBB7OO1fGlpQ_90_det.jpg,Dome Camera,1,0.418857,0.4-0.6,"[137, 130, 149, 153]",,
GV1m563_Mp37U2YPZvNqFA_90.jpg,GV1m563_Mp37U2YPZvNqFA_90_det.jpg,Dome Camera,1,0.403508,0.4-0.6,"[470, 250, 480, 255]",,
gOUAwU9pZuj1rCHBLMFQ6g_0.jpg,gOUAwU9pZuj1rCHBLMFQ6g_0_det.jpg,Dome Camera,1,0.401009,0.4-0.6,"[130, 171, 137, 184]",,
BkO5rr9rv1brYkIXsqateg_270.jpg,BkO5rr9rv1brYkIXsqateg_270_det.jpg,Dome Camera,1,0.388817,0.2-0.4,"[432, 247, 436, 254]",,
Wh6TA8mK0grjMLprF11l-w_270.jpg,Wh6TA8mK0grjMLprF11l-w_270_det.jpg,Dome Camera,1,0.373878,0.2-0.4,"[624, 240, 634, 247]",,
Wh6TA8mK0grjMLprF11l-w_270.jpg,Wh6TA8mK0grjMLprF11l-w_270_det.jpg,Dome Camera,1,0.359871,0.2-0.4,"[276, 189, 280, 196]",,
s3EKI0qkuJzfqG46P6dbtg_270.jpg,s3EKI0qkuJzfqG46P6dbtg_270_det.jpg,Directed Camera,0,0.321298,0.2-0.4,"[346, 217, 356, 225]",,
_155sZkTOfIJch3YCuZHKA_270.jpg,_155sZkTOfIJch3YCuZHKA_270_det.jpg,Dome Camera,1,0.297992,0.2-0.4,"[174, 216, 187, 226]",,
jJ_JgJRP6tNnqrwnt9n8rA_0.jpg,jJ_JgJRP6tNnqrwnt9n8rA_0_det.jpg,Dome Camera,1,0.294184,0.2-0.4,"[157, 79, 175, 91]",,
fWmt1UL5KlshBr-uQF06QQ_270.jpg,fWmt1UL5KlshBr-uQF06QQ_270_det.jpg,Dome Camera,1,0.2842,0.2-0.4,"[94, 148, 111, 160]",,
mjhLA5mdoIN4hq49iAKOPg_90.jpg,mjhLA5mdoIN4hq49iAKOPg_90_det.jpg,Directed Camera,0,0.273495,0.2-0.4,"[242, 136, 252, 148]",,
iPiAOPopP0Wvrlj4rs3Osw_180.jpg,iPiAOPopP0Wvrlj4rs3Osw_180_det.jpg,Dome Camera,1,0.263344,0.2-0.4,"[151, 146, 162, 154]",,
mJedU6mDToIkKY8H7mDleg_0.jpg,mJedU6mDToIkKY8H7mDleg_0_det.jpg,Dome Camera,1,0.22785,0.2-0.4,"[205, 162, 216, 181]",,
Wh6TA8mK0grjMLprF11l-w_270.jpg,Wh6TA8mK0grjMLprF11l-w_270_det.jpg,Dome Camera,1,0.221786,0.2-0.4,"[615, 244, 624, 251]",,
h_7h7zq5m0okgFYvG_eqWQ_0.jpg,h_7h7zq5m0okgFYvG_eqWQ_0_det.jpg,Directed Camera,0,0.221239,0.2-0.4,"[104, 202, 123, 217]",,
l1g9Haq6t21YqwTZk5qljg_270.jpg,l1g9Haq6t21YqwTZk5qljg_270_det.jpg,Directed Camera,0,0.219845,0.2-0.4,"[523, 282, 538, 294]",,
Wh6TA8mK0grjMLprF11l-w_0.jpg,Wh6TA8mK0grjMLprF11l-w_0_det.jpg,Dome Camera,1,0.209828,0.2-0.4,"[192, 122, 211, 133]",,
c5Z4pvIoTQONkbzK7dH8SA_0.jpg,c5Z4pvIoTQONkbzK7dH8SA_0_det.jpg,Dome Camera,1,0.203457,0.2-0.4,"[333, 119, 345, 128]",,
5ZDTADmw80bfCabsSja9YA_180.jpg,5ZDTADmw80bfCabsSja9YA_180_det.jpg,Directed Camera,0,0.200141,0.2-0.4,"[465, 89, 485, 120]",,
H9VEd7RXJA28LCvwkSC_3Q_0.jpg,H9VEd7RXJA28LCvwkSC_3Q_0_det.jpg,Dome Camera,1,0.199853,0.0-0.2 (low),"[574, 232, 578, 235]",,
BbzfqpLXP6DGK5XHPycJjQ_270.jpg,BbzfqpLXP6DGK5XHPycJjQ_270_det.jpg,Dome Camera,1,0.187615,0.0-0.2 (low),"[324, 166, 340, 179]",,
Wzm2IdjsJBPVH711YIe6yQ_180.jpg,Wzm2IdjsJBPVH711YIe6yQ_180_det.jpg,Dome Camera,1,0.172562,0.0-0.2 (low),"[342, 251, 347, 257]",,
4fc2ZVKpb5iBnc1lNItdPg_270.jpg,4fc2ZVKpb5iBnc1lNItdPg_270_det.jpg,Dome Camera,1,0.167309,0.0-0.2 (low),"[34, 274, 40, 281]",,
gOUAwU9pZuj1rCHBLMFQ6g_270.jpg,gOUAwU9pZuj1rCHBLMFQ6g_270_det.jpg,Directed Camera,0,0.163423,0.0-0.2 (low),"[53, 283, 69, 292]",,
Wh6TA8mK0grjMLprF11l-w_0.jpg,Wh6TA8mK0grjMLprF11l-w_0_det.jpg,Directed Camera,0,0.157024,0.0-0.2 (low),"[14, 241, 20, 249]",,
4fc2ZVKpb5iBnc1lNItdPg_180.jpg,4fc2ZVKpb5iBnc1lNItdPg_180_det.jpg,Dome Camera,1,0.150807,0.0-0.2 (low),"[157, 45, 172, 57]",,
l8qFotWjPe-nnw_RJfFv5g_180.jpg,l8qFotWjPe-nnw_RJfFv5g_180_det.jpg,Dome Camera,1,0.13302,0.0-0.2 (low),"[456, 156, 467, 162]",,
f1sxZxuG19vP2NEzmi4WNw_90.jpg,f1sxZxuG19vP2NEzmi4WNw_90_det.jpg,Dome Camera,1,0.110196,0.0-0.2 (low),"[37, 194, 45, 203]",,
4fc2ZVKpb5iBnc1lNItdPg_90.jpg,4fc2ZVKpb5iBnc1lNItdPg_90_det.jpg,Dome Camera,1,0.108813,0.0-0.2 (low),"[273, 244, 283, 252]",,
kgeV4_2WLTpXUbYGXy_bXg_180.jpg,kgeV4_2WLTpXUbYGXy_bXg_180_det.jpg,Dome Camera,1,0.104879,0.0-0.2 (low),"[418, 263, 423, 273]",,
Ouf-LBbquy9SUew6_qXSKg_270.jpg,Ouf-LBbquy9SUew6_qXSKg_270_det.jpg,Directed Camera,0,0.097238,0.0-0.2 (low),"[117, 94, 135, 110]",,
c5Z4pvIoTQONkbzK7dH8SA_0.jpg,c5Z4pvIoTQONkbzK7dH8SA_0_det.jpg,Dome Camera,1,0.092565,0.0-0.2 (low),"[331, 121, 340, 129]",,
Wh6TA8mK0grjMLprF11l-w_270.jpg,Wh6TA8mK0grjMLprF11l-w_270_det.jpg,Dome Camera,1,0.084426,0.0-0.2 (low),"[623, 241, 630, 248]",,
ry2wH7j6jJrVee9L72cEJg_90.jpg,ry2wH7j6jJrVee9L72cEJg_90_det.jpg,Dome Camera,1,0.083138,0.0-0.2 (low),"[315, 92, 323, 100]",,
JPtQTafvobrgI49HXGszsw_90.jpg,JPtQTafvobrgI49HXGszsw_90_det.jpg,Dome Camera,1,0.081468,0.0-0.2 (low),"[99, 221, 114, 228]",,
jJ_JgJRP6tNnqrwnt9n8rA_90.jpg,jJ_JgJRP6tNnqrwnt9n8rA_90_det.jpg,Dome Camera,1,0.079067,0.0-0.2 (low),"[419, 145, 432, 151]",,
Wh6TA8mK0grjMLprF11l-w_0.jpg,Wh6TA8mK0grjMLprF11l-w_0_det.jpg,Directed Camera,0,0.076681,0.0-0.2 (low),"[10, 241, 16, 249]",,
5SQSUEFJqAGBB7OO1fGlpQ_90.jpg,5SQSUEFJqAGBB7OO1fGlpQ_90_det.jpg,Dome Camera,1,0.075952,0.0-0.2 (low),"[137, 134, 144, 153]",,
UoXLYgwe2s1A7FW-buvqPg_0.jpg,UoXLYgwe2s1A7FW-buvqPg_0_det.jpg,Directed Camera,0,0.074087,0.0-0.2 (low),"[387, 157, 400, 169]",,
kgeV4_2WLTpXUbYGXy_bXg_270.jpg,kgeV4_2WLTpXUbYGXy_bXg_270_det.jpg,Dome Camera,1,0.069355,0.0-0.2 (low),"[572, 184, 585, 194]",,
