panoid,heading,image,det_image,det_index,class,class_id,score,bbox,is_correct,notes,source,score_band
kgeV4_2WLTpXUbYGXy_bXg,180,kgeV4_2WLTpXUbYGXy_bXg_180.jpg,kgeV4_2WLTpXUbYGXy_bXg_180_det.jpg,0,Dome Camera,1,0.104879,"[418, 263, 423, 273]",0.0,however there might be a camera in the picture,alpr,
mjhLA5mdoIN4hq49iAKOPg,90,mjhLA5mdoIN4hq49iAKOPg_90.jpg,mjhLA5mdoIN4hq49iAKOPg_90_det.jpg,0,Directed Camera,0,0.273495,"[242, 136, 252, 148]",1.0,,alpr,
4fc2ZVKpb5iBnc1lNItdPg,0,4fc2ZVKpb5iBnc1lNItdPg_0.jpg,4fc2ZVKpb5iBnc1lNItdPg_0_det.jpg,0,Dome Camera,1,0.578315,"[298, 194, 317, 213]",1.0,,alpr,
h_7h7zq5m0okgFYvG_eqWQ,0,h_7h7zq5m0okgFYvG_eqWQ_0.jpg,h_7h7zq5m0okgFYvG_eqWQ_0_det.jpg,1,Directed Camera,0,0.221239,"[104, 202, 123, 217]",1.0,,alpr,
5SQSUEFJqAGBB7OO1fGlpQ,90,5SQSUEFJqAGBB7OO1fGlpQ_90.jpg,5SQSUEFJqAGBB7OO1fGlpQ_90_det.jpg,0,Dome Camera,1,0.418857,"[137, 130, 149, 153]",0.0,,alpr,
c5Z4pvIoTQONkbzK7dH8SA,0,c5Z4pvIoTQONkbzK7dH8SA_0.jpg,c5Z4pvIoTQONkbzK7dH8SA_0_det.jpg,2,Dome Camera,1,0.092565,"[331, 121, 340, 129]",1.0,,alpr,
Tqp-CZrQnh78bwOjSdbo0A,90,Tqp-CZrQnh78bwOjSdbo0A_90.jpg,Tqp-CZrQnh78bwOjSdbo0A_90_det.jpg,0,Dome Camera,1,0.924039,"[279, 207, 289, 220]",0.0,but there is a camera in the image that was not detected,alpr,
H9VEd7RXJA28LCvwkSC_3Q,0,H9VEd7RXJA28LCvwkSC_3Q_0.jpg,H9VEd7RXJA28LCvwkSC_3Q_0_det.jpg,1,Dome Camera,1,0.199853,"[574, 232, 578, 235]",1.0,but directed not dome,alpr,
Wh6TA8mK0grjMLprF11l-w,270,Wh6TA8mK0grjMLprF11l-w_270.jpg,Wh6TA8mK0grjMLprF11l-w_270_det.jpg,1,Dome Camera,1,0.359871,"[276, 189, 280, 196]",0.0,,alpr,
s3EKI0qkuJzfqG46P6dbtg,270,s3EKI0qkuJzfqG46P6dbtg_270.jpg,s3EKI0qkuJzfqG46P6dbtg_270_det.jpg,1,Directed Camera,0,0.321298,"[346, 217, 356, 225]",1.0,but wrong shapex,alpr,
mJedU6mDToIkKY8H7mDleg,0,mJedU6mDToIkKY8H7mDleg_0.jpg,mJedU6mDToIkKY8H7mDleg_0_det.jpg,0,Dome Camera,1,0.824305,"[179, 202, 194, 213]",1.0,,alpr,
BkO5rr9rv1brYkIXsqateg,270,BkO5rr9rv1brYkIXsqateg_270.jpg,BkO5rr9rv1brYkIXsqateg_270_det.jpg,0,Dome Camera,1,0.388817,"[432, 247, 436, 254]",1.0,,alpr,
fWmt1UL5KlshBr-uQF06QQ,270,fWmt1UL5KlshBr-uQF06QQ_270.jpg,fWmt1UL5KlshBr-uQF06QQ_270_det.jpg,0,Dome Camera,1,0.2842,"[94, 148, 111, 160]",1.0,,alpr,
JPtQTafvobrgI49HXGszsw,90,JPtQTafvobrgI49HXGszsw_90.jpg,JPtQTafvobrgI49HXGszsw_90_det.jpg,0,Dome Camera,1,0.081468,"[99, 221, 114, 228]",0.0,,alpr,
c5Z4pvIoTQONkbzK7dH8SA,0,c5Z4pvIoTQONkbzK7dH8SA_0.jpg,c5Z4pvIoTQONkbzK7dH8SA_0_det.jpg,0,Dome Camera,1,0.630219,"[338, 120, 348, 129]",1.0,,alpr,
kHzSoUwB1nF3ifyyw5sLcA,270,kHzSoUwB1nF3ifyyw5sLcA_270.jpg,kHzSoUwB1nF3ifyyw5sLcA_270_det.jpg,0,Dome Camera,1,0.592084,"[439, 180, 448, 189]",1.0,,alpr,
4fc2ZVKpb5iBnc1lNItdPg,90,4fc2ZVKpb5iBnc1lNItdPg_90.jpg,4fc2ZVKpb5iBnc1lNItdPg_90_det.jpg,0,Dome Camera,1,0.886925,"[275, 244, 290, 252]",0.0,,alpr,
UoXLYgwe2s1A7FW-buvqPg,0,UoXLYgwe2s1A7FW-buvqPg_0.jpg,UoXLYgwe2s1A7FW-buvqPg_0_det.jpg,0,Dome Camera,1,0.601371,"[199, 260, 204, 267]",1.0,,alpr,
jJ_JgJRP6tNnqrwnt9n8rA,90,jJ_JgJRP6tNnqrwnt9n8rA_90.jpg,jJ_JgJRP6tNnqrwnt9n8rA_90_det.jpg,0,Dome Camera,1,0.079067,"[419, 145, 432, 151]",1.0,maybe a streetlight but very likely could have camera on it,alpr,
BbzfqpLXP6DGK5XHPycJjQ,270,BbzfqpLXP6DGK5XHPycJjQ_270.jpg,BbzfqpLXP6DGK5XHPycJjQ_270_det.jpg,0,Dome Camera,1,0.187615,"[324, 166, 340, 179]",1.0,,alpr,
5SQSUEFJqAGBB7OO1fGlpQ,90,5SQSUEFJqAGBB7OO1fGlpQ_90.jpg,5SQSUEFJqAGBB7OO1fGlpQ_90_det.jpg,1,Dome Camera,1,0.075952,"[137, 134, 144, 153]",0.0,,alpr,
_lLyzReuF3Pzj6njWW1DDA,180,_lLyzReuF3Pzj6njWW1DDA_180.jpg,_lLyzReuF3Pzj6njWW1DDA_180_det.jpg,0,Dome Camera,1,0.746562,"[133, 202, 144, 214]",1.0,,alpr,
4fc2ZVKpb5iBnc1lNItdPg,90,4fc2ZVKpb5iBnc1lNItdPg_90.jpg,4fc2ZVKpb5iBnc1lNItdPg_90_det.jpg,1,Dome Camera,1,0.108813,"[273, 244, 283, 252]",1.0,im gonna put this as correct but im not super all the pictures of this batch might just be street lights,alpr,
jEaEdHT4pk-sG9jOYSdU1A,90,jEaEdHT4pk-sG9jOYSdU1A_90.jpg,jEaEdHT4pk-sG9jOYSdU1A_90_det.jpg,0,Directed Camera,0,0.522469,"[53, 259, 63, 272]",1.0,,alpr,
Wh6TA8mK0grjMLprF11l-w,0,Wh6TA8mK0grjMLprF11l-w_0.jpg,Wh6TA8mK0grjMLprF11l-w_0_det.jpg,0,Dome Camera,1,0.781521,"[140, 106, 163, 121]",0.0,similar structure but is a streetlight though there may be a camera,alpr,
l1g9Haq6t21YqwTZk5qljg,270,l1g9Haq6t21YqwTZk5qljg_270.jpg,l1g9Haq6t21YqwTZk5qljg_270_det.jpg,0,Directed Camera,0,0.219845,"[523, 282, 538, 294]",1.0,,alpr,
gOUAwU9pZuj1rCHBLMFQ6g,0,gOUAwU9pZuj1rCHBLMFQ6g_0.jpg,gOUAwU9pZuj1rCHBLMFQ6g_0_det.jpg,0,Dome Camera,1,0.401009,"[130, 171, 137, 184]",1.0,,alpr,
l8qFotWjPe-nnw_RJfFv5g,180,l8qFotWjPe-nnw_RJfFv5g_180.jpg,l8qFotWjPe-nnw_RJfFv5g_180_det.jpg,0,Dome Camera,1,0.13302,"[456, 156, 467, 162]",0.0,,alpr,
_RuAUCiuglfF2EZZ0ZVXlA,270,_RuAUCiuglfF2EZZ0ZVXlA_270.jpg,_RuAUCiuglfF2EZZ0ZVXlA_270_det.jpg,0,Dome Camera,1,0.817736,"[532, 169, 544, 183]",0.0,very similar shape though,alpr,
_155sZkTOfIJch3YCuZHKA,270,_155sZkTOfIJch3YCuZHKA_270.jpg,_155sZkTOfIJch3YCuZHKA_270_det.jpg,0,Dome Camera,1,0.297992,"[174, 216, 187, 226]",1.0,,alpr,
ry2wH7j6jJrVee9L72cEJg,90,ry2wH7j6jJrVee9L72cEJg_90.jpg,ry2wH7j6jJrVee9L72cEJg_90_det.jpg,0,Dome Camera,1,0.083138,"[315, 92, 323, 100]",1.0,is a streelight but could very likely have a camera,alpr,
s3EKI0qkuJzfqG46P6dbtg,270,s3EKI0qkuJzfqG46P6dbtg_270.jpg,s3EKI0qkuJzfqG46P6dbtg_270_det.jpg,0,Dome Camera,1,0.556773,"[332, 213, 340, 220]",1.0,but wrong shape,alpr,
Ouf-LBbquy9SUew6_qXSKg,270,Ouf-LBbquy9SUew6_qXSKg_270.jpg,Ouf-LBbquy9SUew6_qXSKg_270_det.jpg,0,Directed Camera,0,0.097238,"[117, 94, 135, 110]",0.0,,alpr,
Wh6TA8mK0grjMLprF11l-w,270,Wh6TA8mK0grjMLprF11l-w_270.jpg,Wh6TA8mK0grjMLprF11l-w_270_det.jpg,3,Dome Camera,1,0.084426,"[623, 241, 630, 248]",0.0,,alpr,
Wh6TA8mK0grjMLprF11l-w,270,Wh6TA8mK0grjMLprF11l-w_270.jpg,Wh6TA8mK0grjMLprF11l-w_270_det.jpg,2,Dome Camera,1,0.221786,"[615, 244, 624, 251]",0.0,,alpr,
Wh6TA8mK0grjMLprF11l-w,270,Wh6TA8mK0grjMLprF11l-w_270.jpg,Wh6TA8mK0grjMLprF11l-w_270_det.jpg,0,Dome Camera,1,0.373878,"[624, 240, 634, 247]",0.0,,alpr,
iS4oU1f54MiMCTDeSpdVcA,0,iS4oU1f54MiMCTDeSpdVcA_0.jpg,iS4oU1f54MiMCTDeSpdVcA_0_det.jpg,0,Dome Camera,1,0.594085,"[131, 83, 140, 89]",0.0,thats an aeroplane ,alpr,
H9VEd7RXJA28LCvwkSC_3Q,0,H9VEd7RXJA28LCvwkSC_3Q_0.jpg,H9VEd7RXJA28LCvwkSC_3Q_0_det.jpg,0,Directed Camera,0,0.969999,"[192, 162, 208, 170]",1.0,,alpr,
_RuAUCiuglfF2EZZ0ZVXlA,270,_RuAUCiuglfF2EZZ0ZVXlA_270.jpg,_RuAUCiuglfF2EZZ0ZVXlA_270_det.jpg,1,Dome Camera,1,0.814606,"[186, 223, 197, 236]",1.0,,alpr,
mJedU6mDToIkKY8H7mDleg,0,mJedU6mDToIkKY8H7mDleg_0.jpg,mJedU6mDToIkKY8H7mDleg_0_det.jpg,1,Dome Camera,1,0.22785,"[205, 162, 216, 181]",0.0,,alpr,
iPiAOPopP0Wvrlj4rs3Osw,180,iPiAOPopP0Wvrlj4rs3Osw_180.jpg,iPiAOPopP0Wvrlj4rs3Osw_180_det.jpg,0,Dome Camera,1,0.263344,"[151, 146, 162, 154]",1.0,,alpr,
c5Z4pvIoTQONkbzK7dH8SA,270,c5Z4pvIoTQONkbzK7dH8SA_270.jpg,c5Z4pvIoTQONkbzK7dH8SA_270_det.jpg,0,Dome Camera,1,0.423349,"[431, 120, 439, 128]",1.0,,alpr,
ZNnFjaeNna3i9cHslb50lQ,90,ZNnFjaeNna3i9cHslb50lQ_90.jpg,ZNnFjaeNna3i9cHslb50lQ_90_det.jpg,0,Dome Camera,1,0.487651,"[614, 204, 626, 215]",0.0,,alpr,
h_7h7zq5m0okgFYvG_eqWQ,0,h_7h7zq5m0okgFYvG_eqWQ_0.jpg,h_7h7zq5m0okgFYvG_eqWQ_0_det.jpg,0,Directed Camera,0,0.90064,"[107, 200, 131, 220]",1.0,,alpr,
jJ_JgJRP6tNnqrwnt9n8rA,0,jJ_JgJRP6tNnqrwnt9n8rA_0.jpg,jJ_JgJRP6tNnqrwnt9n8rA_0_det.jpg,0,Dome Camera,1,0.294184,"[157, 79, 175, 91]",1.0,the detection is on a thing that might be a streetlight but there is a camera in this photo that was not detected,alpr,
4fc2ZVKpb5iBnc1lNItdPg,180,4fc2ZVKpb5iBnc1lNItdPg_180.jpg,4fc2ZVKpb5iBnc1lNItdPg_180_det.jpg,0,Dome Camera,1,0.150807,"[157, 45, 172, 57]",0.0,thats an aeroplane ,alpr,
Wh6TA8mK0grjMLprF11l-w,0,Wh6TA8mK0grjMLprF11l-w_0.jpg,Wh6TA8mK0grjMLprF11l-w_0_det.jpg,2,Dome Camera,1,0.209828,"[192, 122, 211, 133]",0.0,,alpr,
4fc2ZVKpb5iBnc1lNItdPg,270,4fc2ZVKpb5iBnc1lNItdPg_270.jpg,4fc2ZVKpb5iBnc1lNItdPg_270_det.jpg,0,Dome Camera,1,0.167309,"[34, 274, 40, 281]",0.0,,alpr,
wc1eDQUrZqJ6bbayrl2Txw,270,wc1eDQUrZqJ6bbayrl2Txw_270.jpg,wc1eDQUrZqJ6bbayrl2Txw_270_det.jpg,0,Dome Camera,1,0.883643,"[111, 101, 123, 117]",0.0,street light,alpr,
f1sxZxuG19vP2NEzmi4WNw,90,f1sxZxuG19vP2NEzmi4WNw_90.jpg,f1sxZxuG19vP2NEzmi4WNw_90_det.jpg,0,Dome Camera,1,0.110196,"[37, 194, 45, 203]",1.0,,alpr,
c5Z4pvIoTQONkbzK7dH8SA,0,c5Z4pvIoTQONkbzK7dH8SA_0.jpg,c5Z4pvIoTQONkbzK7dH8SA_0_det.jpg,1,Dome Camera,1,0.203457,"[333, 119, 345, 128]",1.0,maybe a streetlight but very likely could have camera on it,alpr,
Wh6TA8mK0grjMLprF11l-w,0,Wh6TA8mK0grjMLprF11l-w_0.jpg,Wh6TA8mK0grjMLprF11l-w_0_det.jpg,4,Directed Camera,0,0.076681,"[10, 241, 16, 249]",0.0,,alpr,
kgeV4_2WLTpXUbYGXy_bXg,270,kgeV4_2WLTpXUbYGXy_bXg_270.jpg,kgeV4_2WLTpXUbYGXy_bXg_270_det.jpg,0,Dome Camera,1,0.069355,"[572, 184, 585, 194]",1.0,probably attached to the streetlight and directed ,alpr,
GV1m563_Mp37U2YPZvNqFA,90,GV1m563_Mp37U2YPZvNqFA_90.jpg,GV1m563_Mp37U2YPZvNqFA_90_det.jpg,0,Dome Camera,1,0.403508,"[470, 250, 480, 255]",0.0,,alpr,
Wh6TA8mK0grjMLprF11l-w,0,Wh6TA8mK0grjMLprF11l-w_0.jpg,Wh6TA8mK0grjMLprF11l-w_0_det.jpg,3,Directed Camera,0,0.157024,"[14, 241, 20, 249]",0.0,,alpr,
UoXLYgwe2s1A7FW-buvqPg,0,UoXLYgwe2s1A7FW-buvqPg_0.jpg,UoXLYgwe2s1A7FW-buvqPg_0_det.jpg,1,Directed Camera,0,0.074087,"[387, 157, 400, 169]",0.0,,alpr,
wc1eDQUrZqJ6bbayrl2Txw,270,wc1eDQUrZqJ6bbayrl2Txw_270.jpg,wc1eDQUrZqJ6bbayrl2Txw_270_det.jpg,1,Dome Camera,1,0.654692,"[154, 40, 171, 61]",0.0,street light,alpr,
Wh6TA8mK0grjMLprF11l-w,0,Wh6TA8mK0grjMLprF11l-w_0.jpg,Wh6TA8mK0grjMLprF11l-w_0_det.jpg,1,Directed Camera,0,0.718576,"[12, 241, 18, 249]",0.0,similar structure but is a streetlight though there may be a camera,alpr,
5ZDTADmw80bfCabsSja9YA,180,5ZDTADmw80bfCabsSja9YA_180.jpg,5ZDTADmw80bfCabsSja9YA_180_det.jpg,0,Directed Camera,0,0.200141,"[465, 89, 485, 120]",1.0,this could be just a light by itself but shape is similar to alpr plate,alpr,
gOUAwU9pZuj1rCHBLMFQ6g,270,gOUAwU9pZuj1rCHBLMFQ6g_270.jpg,gOUAwU9pZuj1rCHBLMFQ6g_270_det.jpg,0,Directed Camera,0,0.163423,"[53, 283, 69, 292]",0.0,similar shape though,alpr,
z1EGCfJGHXuDIeDjAlu6xw,16,z1EGCfJGHXuDIeDjAlu6xw_16.jpg,z1EGCfJGHXuDIeDjAlu6xw_16_det.jpg,0,Dome Camera,1,0.270037,"[201, 156, 216, 165]",0.0,,surveillance,0.2-0.4
u_r7nlimy_6w9iwdypOXvQ,279,u_r7nlimy_6w9iwdypOXvQ_279.jpg,u_r7nlimy_6w9iwdypOXvQ_279_det.jpg,0,Directed Camera,0,0.811414,"[206, 179, 217, 192]",1.0,yes but dome i think,surveillance,0.8-1.0 (high)
1AT3tDHTP12xCibiByNw3w,100,1AT3tDHTP12xCibiByNw3w_100.jpg,1AT3tDHTP12xCibiByNw3w_100_det.jpg,0,Directed Camera,0,0.21369,"[480, 236, 488, 242]",0.0,,surveillance,0.2-0.4
SgPhp6bNA4hz0Czq0dQofg,352,SgPhp6bNA4hz0Czq0dQofg_352.jpg,SgPhp6bNA4hz0Czq0dQofg_352_det.jpg,0,Dome Camera,1,0.84756,"[546, 239, 556, 254]",1.0,i gues im not sure,surveillance,0.8-1.0 (high)
4xobFSnnn_cOfzYofF2y0g,278,4xobFSnnn_cOfzYofF2y0g_278.jpg,4xobFSnnn_cOfzYofF2y0g_278_det.jpg,0,Dome Camera,1,0.455687,"[265, 54, 296, 71]",0.0,thats streelight,surveillance,0.4-0.6
N4cF21wg7BmLhs8HS_upgg,61,N4cF21wg7BmLhs8HS_upgg_61.jpg,N4cF21wg7BmLhs8HS_upgg_61_det.jpg,0,Directed Camera,0,0.403659,"[40, 193, 58, 203]",0.0,thats light reflection with similar shape,surveillance,0.4-0.6
Ef1x4gUIQL9Jn9nSMWcWAA,279,Ef1x4gUIQL9Jn9nSMWcWAA_279.jpg,Ef1x4gUIQL9Jn9nSMWcWAA_279_det.jpg,1,Dome Camera,1,0.132899,"[384, 241, 394, 251]",1.0,,surveillance,0.0-0.2 (low)
9q9Wa96pjQ8WbTneijhbtw,137,9q9Wa96pjQ8WbTneijhbtw_137.jpg,9q9Wa96pjQ8WbTneijhbtw_137_det.jpg,1,Dome Camera,1,0.067897,"[15, 91, 22, 99]",0.0,,surveillance,0.0-0.2 (low)
IEDeoMuPV-lUihkK4sXHBg,47,IEDeoMuPV-lUihkK4sXHBg_47.jpg,IEDeoMuPV-lUihkK4sXHBg_47_det.jpg,2,Dome Camera,1,0.063695,"[381, 186, 395, 195]",0.0,,surveillance,0.0-0.2 (low)
yRpDT7d0pio9bLEDuv9YXA,145,yRpDT7d0pio9bLEDuv9YXA_145.jpg,yRpDT7d0pio9bLEDuv9YXA_145_det.jpg,1,Dome Camera,1,0.566504,"[121, 149, 132, 159]",0.0,a directed camera and only one not two,surveillance,0.4-0.6
sV5WvXGS_5Y91EXpq2WRhQ,59,sV5WvXGS_5Y91EXpq2WRhQ_59.jpg,sV5WvXGS_5Y91EXpq2WRhQ_59_det.jpg,0,Directed Camera,0,0.169041,"[307, 27, 319, 40]",0.0,,surveillance,0.0-0.2 (low)
9GhnXklQrJ2XbkslWehUmg,246,9GhnXklQrJ2XbkslWehUmg_246.jpg,9GhnXklQrJ2XbkslWehUmg_246_det.jpg,0,Dome Camera,1,0.809298,"[506, 222, 514, 229]",1.0,but there is another dome one next to it that it didnt detect,surveillance,0.8-1.0 (high)
Q9KF6OUDyHB8b-hYwbI9gA,127,Q9KF6OUDyHB8b-hYwbI9gA_127.jpg,Q9KF6OUDyHB8b-hYwbI9gA_127_det.jpg,0,Dome Camera,1,0.399234,"[168, 160, 184, 171]",0.0,streetlight,surveillance,0.2-0.4
AbkJYAyxTY9NaugCBSQ2mA,189,AbkJYAyxTY9NaugCBSQ2mA_189.jpg,AbkJYAyxTY9NaugCBSQ2mA_189_det.jpg,0,Dome Camera,1,0.571392,"[370, 231, 382, 242]",1.0,,surveillance,0.4-0.6
LzhJFQLv4NM83b028AS36w,236,LzhJFQLv4NM83b028AS36w_236.jpg,LzhJFQLv4NM83b028AS36w_236_det.jpg,0,Directed Camera,0,0.444946,"[266, 255, 274, 263]",0.0,thats water pipe down the roof,surveillance,0.4-0.6
Wu2Cdx1OGHyH951Nx8pIRw,76,Wu2Cdx1OGHyH951Nx8pIRw_76.jpg,Wu2Cdx1OGHyH951Nx8pIRw_76_det.jpg,0,Dome Camera,1,0.455391,"[95, 185, 109, 208]",1.0,,surveillance,0.4-0.6
1JTvoCzVNyfrZEXbI2X0-g,306,1JTvoCzVNyfrZEXbI2X0-g_306.jpg,1JTvoCzVNyfrZEXbI2X0-g_306_det.jpg,2,Dome Camera,1,0.086511,"[596, 167, 605, 176]",0.0,,surveillance,0.0-0.2 (low)
Fkzya5D7tYgnaQhMT0d8EA,116,Fkzya5D7tYgnaQhMT0d8EA_116.jpg,Fkzya5D7tYgnaQhMT0d8EA_116_det.jpg,0,Dome Camera,1,0.069363,"[81, 249, 87, 254]",1.0,,surveillance,0.0-0.2 (low)
WCBi-uw096EVOiIk6xkHRA,317,WCBi-uw096EVOiIk6xkHRA_317.jpg,WCBi-uw096EVOiIk6xkHRA_317_det.jpg,0,Directed Camera,0,0.91154,"[413, 219, 428, 235]",0.0,its the roof,surveillance,0.8-1.0 (high)
6o5JY0F4sNcPTetFracwsw,189,6o5JY0F4sNcPTetFracwsw_189.jpg,6o5JY0F4sNcPTetFracwsw_189_det.jpg,0,Directed Camera,0,0.069931,"[292, 189, 300, 196]",0.0,,surveillance,0.0-0.2 (low)
56w3J4ugLQiVwHZkUKnLkA,280,56w3J4ugLQiVwHZkUKnLkA_280.jpg,56w3J4ugLQiVwHZkUKnLkA_280_det.jpg,0,Dome Camera,1,0.898542,"[176, 265, 184, 275]",1.0,,surveillance,0.8-1.0 (high)
L3w3s9u0WLF72RVkBVRpIA,326,L3w3s9u0WLF72RVkBVRpIA_326.jpg,L3w3s9u0WLF72RVkBVRpIA_326_det.jpg,1,Directed Camera,0,0.31121,"[490, 195, 514, 213]",0.0,tv antenna,surveillance,0.2-0.4
3jZjDpmXG-dn14r6qO9n5g,235,3jZjDpmXG-dn14r6qO9n5g_235.jpg,3jZjDpmXG-dn14r6qO9n5g_235_det.jpg,0,Dome Camera,1,0.064682,"[541, 304, 547, 310]",1.0,,surveillance,0.0-0.2 (low)
Uxfqz6Tyrgl6ppi10INR6g,99,Uxfqz6Tyrgl6ppi10INR6g_99.jpg,Uxfqz6Tyrgl6ppi10INR6g_99_det.jpg,0,Dome Camera,1,0.123348,"[81, 154, 121, 184]",0.0,,surveillance,0.0-0.2 (low)
GQ0fm-ru6VwXGDTNDGpFTA,35,GQ0fm-ru6VwXGDTNDGpFTA_35.jpg,GQ0fm-ru6VwXGDTNDGpFTA_35_det.jpg,0,Dome Camera,1,0.368925,"[513, 244, 532, 258]",0.0,,surveillance,0.2-0.4
ngtdQvTT2onx09M5Vk1pBw,280,ngtdQvTT2onx09M5Vk1pBw_280.jpg,ngtdQvTT2onx09M5Vk1pBw_280_det.jpg,0,Directed Camera,0,0.695539,"[501, 279, 514, 289]",0.0,thats a pole or something,surveillance,0.6-0.8
QVGvvWxP-orDncoNT9jPGg,128,QVGvvWxP-orDncoNT9jPGg_128.jpg,QVGvvWxP-orDncoNT9jPGg_128_det.jpg,0,Directed Camera,0,0.419389,"[76, 272, 94, 291]",0.0,,surveillance,0.4-0.6
qq_FQ3GMjQDyVcQZyGCu7A,99,qq_FQ3GMjQDyVcQZyGCu7A_99.jpg,qq_FQ3GMjQDyVcQZyGCu7A_99_det.jpg,0,Dome Camera,1,0.415974,"[438, 276, 445, 282]",0.0,,surveillance,0.4-0.6
JGdwdTsJiqi2KST1-gXP2g,98,JGdwdTsJiqi2KST1-gXP2g_98.jpg,JGdwdTsJiqi2KST1-gXP2g_98_det.jpg,0,Directed Camera,0,0.8249,"[259, 221, 279, 233]",0.0,its just white colored wire thing not at all a camera,surveillance,0.8-1.0 (high)
J6TKAoCRf2q_7BUl8tqa_A,279,J6TKAoCRf2q_7BUl8tqa_A_279.jpg,J6TKAoCRf2q_7BUl8tqa_A_279_det.jpg,2,Directed Camera,0,0.130736,"[618, 268, 624, 276]",1.0,,surveillance,0.0-0.2 (low)
u_r7nlimy_6w9iwdypOXvQ,279,u_r7nlimy_6w9iwdypOXvQ_279.jpg,u_r7nlimy_6w9iwdypOXvQ_279_det.jpg,1,Dome Camera,1,0.225607,"[372, 177, 382, 192]",1.0,,surveillance,0.2-0.4
w5z3sybSOQDT7XwdkTwbnA,99,w5z3sybSOQDT7XwdkTwbnA_99.jpg,w5z3sybSOQDT7XwdkTwbnA_99_det.jpg,0,Directed Camera,0,0.482336,"[115, 256, 121, 263]",1.0,maybe dome?,surveillance,0.4-0.6
Ef1x4gUIQL9Jn9nSMWcWAA,279,Ef1x4gUIQL9Jn9nSMWcWAA_279.jpg,Ef1x4gUIQL9Jn9nSMWcWAA_279_det.jpg,0,Dome Camera,1,0.598416,"[408, 236, 419, 250]",1.0,,surveillance,0.4-0.6
InnNPyOOWgcdUXfx6SzvAA,75,InnNPyOOWgcdUXfx6SzvAA_75.jpg,InnNPyOOWgcdUXfx6SzvAA_75_det.jpg,0,Directed Camera,0,0.16683,"[595, 196, 604, 207]",0.0,,surveillance,0.0-0.2 (low)
Ij6_IZRbXTMkzYwufE3sjQ,243,Ij6_IZRbXTMkzYwufE3sjQ_243.jpg,Ij6_IZRbXTMkzYwufE3sjQ_243_det.jpg,0,Dome Camera,1,0.572121,"[314, 167, 320, 172]",0.0,,surveillance,0.4-0.6
IEDeoMuPV-lUihkK4sXHBg,47,IEDeoMuPV-lUihkK4sXHBg_47.jpg,IEDeoMuPV-lUihkK4sXHBg_47_det.jpg,1,Dome Camera,1,0.17817,"[399, 186, 411, 195]",0.0,,surveillance,0.0-0.2 (low)
TNH5o6r-c8UmN4uFsPQAZw,279,TNH5o6r-c8UmN4uFsPQAZw_279.jpg,TNH5o6r-c8UmN4uFsPQAZw_279_det.jpg,0,Dome Camera,1,0.736719,"[554, 231, 567, 241]",1.0,,surveillance,0.6-0.8
9q9Wa96pjQ8WbTneijhbtw,137,9q9Wa96pjQ8WbTneijhbtw_137.jpg,9q9Wa96pjQ8WbTneijhbtw_137_det.jpg,0,Dome Camera,1,0.634068,"[17, 92, 23, 100]",0.0,tv antenna,surveillance,0.6-0.8
L3w3s9u0WLF72RVkBVRpIA,326,L3w3s9u0WLF72RVkBVRpIA_326.jpg,L3w3s9u0WLF72RVkBVRpIA_326_det.jpg,0,Dome Camera,1,0.444466,"[372, 75, 382, 88]",0.0,,surveillance,0.4-0.6
tdpgzS0VfkX1as4AsPDkhw,336,tdpgzS0VfkX1as4AsPDkhw_336.jpg,tdpgzS0VfkX1as4AsPDkhw_336_det.jpg,0,Dome Camera,1,0.184071,"[83, 243, 94, 253]",0.0,,surveillance,0.0-0.2 (low)
SxxVjuQJXLNk5tsNQAtpkQ,236,SxxVjuQJXLNk5tsNQAtpkQ_236.jpg,SxxVjuQJXLNk5tsNQAtpkQ_236_det.jpg,0,Directed Camera,0,0.51548,"[424, 269, 431, 276]",1.0,,surveillance,0.4-0.6
N5R804_BcOPmlr0_gU9ugg,35,N5R804_BcOPmlr0_gU9ugg_35.jpg,N5R804_BcOPmlr0_gU9ugg_35_det.jpg,0,Dome Camera,1,0.29172,"[346, 114, 356, 128]",0.0,,surveillance,0.2-0.4
J6TKAoCRf2q_7BUl8tqa_A,279,J6TKAoCRf2q_7BUl8tqa_A_279.jpg,J6TKAoCRf2q_7BUl8tqa_A_279_det.jpg,1,Dome Camera,1,0.900765,"[482, 166, 492, 181]",1.0,probably yeah,surveillance,0.8-1.0 (high)
Uxfqz6Tyrgl6ppi10INR6g,99,Uxfqz6Tyrgl6ppi10INR6g_99.jpg,Uxfqz6Tyrgl6ppi10INR6g_99_det.jpg,1,Directed Camera,0,0.050886,"[617, 191, 627, 209]",0.0,,surveillance,0.0-0.2 (low)
1JTvoCzVNyfrZEXbI2X0-g,306,1JTvoCzVNyfrZEXbI2X0-g_306.jpg,1JTvoCzVNyfrZEXbI2X0-g_306_det.jpg,0,Directed Camera,0,0.946184,"[602, 82, 626, 102]",0.0,some yes but some are light fixures with same structure as cameras,surveillance,0.8-1.0 (high)
GSGTbkpaXCforMEglngrKg,189,GSGTbkpaXCforMEglngrKg_189.jpg,GSGTbkpaXCforMEglngrKg_189_det.jpg,0,Directed Camera,0,0.052761,"[598, 268, 615, 277]",1.0,,surveillance,0.0-0.2 (low)
1JTvoCzVNyfrZEXbI2X0-g,306,1JTvoCzVNyfrZEXbI2X0-g_306.jpg,1JTvoCzVNyfrZEXbI2X0-g_306_det.jpg,1,Dome Camera,1,0.255033,"[617, 57, 628, 68]",1.0,,surveillance,0.2-0.4
Z8I9_O39yJdR5ZpF31rszQ,189,Z8I9_O39yJdR5ZpF31rszQ_189.jpg,Z8I9_O39yJdR5ZpF31rszQ_189_det.jpg,0,Directed Camera,0,0.906804,"[394, 180, 408, 198]",0.0,roof has curves shaped like a directed camera body,surveillance,0.8-1.0 (high)
PnFY_PD5SkDMU4LPNRJ-xg,189,PnFY_PD5SkDMU4LPNRJ-xg_189.jpg,PnFY_PD5SkDMU4LPNRJ-xg_189_det.jpg,0,Directed Camera,0,0.175195,"[553, 282, 559, 290]",1.0,,surveillance,0.0-0.2 (low)
Muk4BTtwWw1p1Px8vYViWA,55,Muk4BTtwWw1p1Px8vYViWA_55.jpg,Muk4BTtwWw1p1Px8vYViWA_55_det.jpg,0,Dome Camera,1,0.659049,"[87, 66, 96, 77]",1.0,,surveillance,0.6-0.8
IEDeoMuPV-lUihkK4sXHBg,47,IEDeoMuPV-lUihkK4sXHBg_47.jpg,IEDeoMuPV-lUihkK4sXHBg_47_det.jpg,0,Dome Camera,1,0.228751,"[387, 269, 394, 274]",0.0,,surveillance,0.2-0.4
i0bQ6ffkLCFPfNt8UWyB0g,55,i0bQ6ffkLCFPfNt8UWyB0g_55.jpg,i0bQ6ffkLCFPfNt8UWyB0g_55_det.jpg,0,Dome Camera,1,0.35537,"[221, 254, 232, 272]",0.0,tv antenna,surveillance,0.2-0.4
9GhnXklQrJ2XbkslWehUmg,246,9GhnXklQrJ2XbkslWehUmg_246.jpg,9GhnXklQrJ2XbkslWehUmg_246_det.jpg,1,Directed Camera,0,0.1706,"[460, 89, 471, 103]",0.0,shape is similar but its not,surveillance,0.0-0.2 (low)
HQ_H-UvI5MGKR4bic4QCZg,352,HQ_H-UvI5MGKR4bic4QCZg_352.jpg,HQ_H-UvI5MGKR4bic4QCZg_352_det.jpg,0,Dome Camera,1,0.119706,"[360, 222, 370, 234]",0.0,,surveillance,0.0-0.2 (low)
G9aCEH5J6UAAreypwAINwg,227,G9aCEH5J6UAAreypwAINwg_227.jpg,G9aCEH5J6UAAreypwAINwg_227_det.jpg,0,Directed Camera,0,0.7319,"[366, 198, 378, 209]",0.0,however there is a dome camera in the image that it didnt detect,surveillance,0.6-0.8
zrUTNc1ukjQt54qqPA098w,47,zrUTNc1ukjQt54qqPA098w_47.jpg,zrUTNc1ukjQt54qqPA098w_47_det.jpg,0,Directed Camera,0,0.812302,"[469, 249, 481, 259]",0.0,thats a leaf,surveillance,0.8-1.0 (high)
GQ0fm-ru6VwXGDTNDGpFTA,35,GQ0fm-ru6VwXGDTNDGpFTA_35.jpg,GQ0fm-ru6VwXGDTNDGpFTA_35_det.jpg,1,Directed Camera,0,0.074525,"[89, 199, 100, 205]",0.0,,surveillance,0.0-0.2 (low)
56w3J4ugLQiVwHZkUKnLkA,280,56w3J4ugLQiVwHZkUKnLkA_280.jpg,56w3J4ugLQiVwHZkUKnLkA_280_det.jpg,1,Dome Camera,1,0.731428,"[151, 263, 162, 272]",1.0,,surveillance,0.6-0.8
QmRA4mDhcKsoPMFB5rqyCw,189,QmRA4mDhcKsoPMFB5rqyCw_189.jpg,QmRA4mDhcKsoPMFB5rqyCw_189_det.jpg,0,Directed Camera,0,0.564383,"[489, 142, 501, 153]",1.0,but not the whole object just whats at the top,surveillance,0.4-0.6
EVp3rkxyMPsCjbTDbbk2OQ,187,EVp3rkxyMPsCjbTDbbk2OQ_187.jpg,EVp3rkxyMPsCjbTDbbk2OQ_187_det.jpg,0,Dome Camera,1,0.085169,"[122, 289, 126, 294]",0.0,traffic light,surveillance,0.0-0.2 (low)
